Test Number,Data Layer,Application Layer,Test,Name Lookup,Connect,App Connect,PreTransfer,Redirect,Start Transfer,Total Time
1,MySQL,Python,python-mysql-data-aggre-1,0.000066,0.003569,0.000000,0.003705,0.000000,0.665361,0.665436
2,MySQL,Python,python-mysql-data-aggre-1,0.000045,0.003726,0.000000,0.003785,0.000000,0.143411,0.143505
3,MySQL,Python,python-mysql-data-aggre-1,0.000048,0.001977,0.000000,0.002027,0.000000,0.127038,0.127118
4,MySQL,Python,python-mysql-data-aggre-1,0.000028,0.003093,0.000000,0.003152,0.000000,0.139362,0.139407
5,MySQL,Python,python-mysql-data-aggre-1,0.000026,0.000169,0.000000,0.000190,0.000000,0.141879,0.141988
6,MySQL,Python,python-mysql-data-aggre-1,0.000086,0.000352,0.000000,0.000396,0.000000,0.103043,0.103121
7,MySQL,Python,python-mysql-data-aggre-1,0.000027,0.000197,0.000000,0.000218,0.000000,0.092066,0.092130
8,MySQL,Python,python-mysql-data-aggre-1,0.000029,0.000184,0.000000,0.000209,0.000000,0.116286,0.116364
9,MySQL,Python,python-mysql-data-aggre-1,0.000057,0.000292,0.000000,0.000340,0.000000,0.103511,0.103608
10,MySQL,Python,python-mysql-data-aggre-1,0.000104,0.000317,0.000000,0.000355,0.000000,0.099555,0.099602
11,MySQL,Python,python-mysql-app-aggre-1,0.000040,0.000193,0.000000,0.000223,0.000000,0.106719,0.106784
12,MySQL,Python,python-mysql-app-aggre-1,0.000033,0.001535,0.000000,0.001567,0.000000,0.157749,0.157870
13,MySQL,Python,python-mysql-app-aggre-1,0.000069,0.000398,0.000000,0.000457,0.000000,0.107795,0.107844
14,MySQL,Python,python-mysql-app-aggre-1,0.000073,0.000335,0.000000,0.000385,0.000000,0.091059,0.091128
15,MySQL,Python,python-mysql-app-aggre-1,0.000027,0.000142,0.000000,0.000177,0.000000,0.074740,0.074789
16,MySQL,Python,python-mysql-app-aggre-1,0.000029,0.000434,0.000000,0.000474,0.000000,0.074761,0.074809
17,MySQL,Python,python-mysql-app-aggre-1,0.000027,0.001126,0.000000,0.001163,0.000000,0.082928,0.082977
18,MySQL,Python,python-mysql-app-aggre-1,0.000040,0.001120,0.000000,0.001172,0.000000,0.102629,0.102750
19,MySQL,Python,python-mysql-app-aggre-1,0.000027,0.001265,0.000000,0.001306,0.000000,0.098012,0.098074
20,MySQL,Python,python-mysql-app-aggre-1,0.000029,0.000248,0.000000,0.000275,0.000000,0.094308,0.094384
21,MySQL,Python,python-mysql-data-filter-1,0.000023,0.000165,0.000000,0.000185,0.000000,0.092593,0.092643
22,MySQL,Python,python-mysql-data-filter-1,0.000088,0.000301,0.000000,0.000355,0.000000,0.049728,0.049776
23,MySQL,Python,python-mysql-data-filter-1,0.000035,0.000413,0.000000,0.000441,0.000000,0.043095,0.043724
24,MySQL,Python,python-mysql-data-filter-1,0.000024,0.000109,0.000000,0.000129,0.000000,0.048359,0.048407
25,MySQL,Python,python-mysql-data-filter-1,0.000025,0.000160,0.000000,0.000181,0.000000,0.044536,0.044591
26,MySQL,Python,python-mysql-data-filter-1,0.000043,0.000205,0.000000,0.000236,0.000000,0.072249,0.074456
27,MySQL,Python,python-mysql-data-filter-1,0.000025,0.000119,0.000000,0.000138,0.000000,0.043308,0.043423
28,MySQL,Python,python-mysql-data-filter-1,0.000046,0.000154,0.000000,0.000175,0.000000,0.050830,0.050879
29,MySQL,Python,python-mysql-data-filter-1,0.000070,0.000214,0.000000,0.000255,0.000000,0.050270,0.050374
30,MySQL,Python,python-mysql-data-filter-1,0.000027,0.000118,0.000000,0.000139,0.000000,0.062705,0.062820
31,MySQL,Python,python-mysql-app-filter-1,0.000023,0.000122,0.000000,0.000141,0.000000,0.063650,0.063713
32,MySQL,Python,python-mysql-app-filter-1,0.000033,0.000174,0.000000,0.000202,0.000000,0.063655,0.063749
33,MySQL,Python,python-mysql-app-filter-1,0.000033,0.000996,0.000000,0.001034,0.000000,0.124450,0.124508
34,MySQL,Python,python-mysql-app-filter-1,0.000028,0.000140,0.000000,0.000161,0.000000,0.070465,0.070518
35,MySQL,Python,python-mysql-app-filter-1,0.000024,0.000133,0.000000,0.000154,0.000000,0.067447,0.067496
36,MySQL,Python,python-mysql-app-filter-1,0.000030,0.000197,0.000000,0.000223,0.000000,0.102400,0.102466
37,MySQL,Python,python-mysql-app-filter-1,0.000043,0.000479,0.000000,0.000523,0.000000,0.076910,0.076957
38,MySQL,Python,python-mysql-app-filter-1,0.000023,0.000162,0.000000,0.000184,0.000000,0.125675,0.125776
39,MySQL,Python,python-mysql-app-filter-1,0.000063,0.000288,0.000000,0.000336,0.000000,0.101940,0.101989
40,MySQL,Python,python-mysql-app-filter-1,0.000025,0.000159,0.000000,0.000180,0.000000,0.055183,0.055236
41,MySQL,Python,python-mysql-data-sort-1,0.000027,0.000475,0.000000,0.000503,0.000000,0.082668,0.082723
42,MySQL,Python,python-mysql-data-sort-1,0.000038,0.000144,0.000000,0.000176,0.000000,0.196233,0.196286
43,MySQL,Python,python-mysql-data-sort-1,0.000084,0.000216,0.000000,0.000237,0.000000,0.058827,0.058876
44,MySQL,Python,python-mysql-data-sort-1,0.000025,0.000336,0.000000,0.000360,0.000000,0.084237,0.084914
45,MySQL,Python,python-mysql-data-sort-1,0.000022,0.000176,0.000000,0.000196,0.000000,0.080995,0.081078
46,MySQL,Python,python-mysql-data-sort-1,0.000031,0.000197,0.000000,0.000228,0.000000,0.057269,0.057328
47,MySQL,Python,python-mysql-data-sort-1,0.000028,0.000181,0.000000,0.000207,0.000000,0.067140,0.067252
48,MySQL,Python,python-mysql-data-sort-1,0.000042,0.000216,0.000000,0.000243,0.000000,0.065446,0.065512
49,MySQL,Python,python-mysql-data-sort-1,0.000052,0.000266,0.000000,0.000333,0.000000,0.074798,0.074945
50,MySQL,Python,python-mysql-data-sort-1,0.000026,0.000120,0.000000,0.000140,0.000000,0.075964,0.077295
51,MySQL,Python,python-mysql-app-sort-1,0.000028,0.003505,0.000000,0.003555,0.000000,0.067715,0.067764
52,MySQL,Python,python-mysql-app-sort-1,0.000048,0.000199,0.000000,0.000222,0.000000,0.068202,0.068313
53,MySQL,Python,python-mysql-app-sort-1,0.000024,0.000124,0.000000,0.000146,0.000000,0.092855,0.092951
54,MySQL,Python,python-mysql-app-sort-1,0.000031,0.000156,0.000000,0.000185,0.000000,0.106163,0.106372
55,MySQL,Python,python-mysql-app-sort-1,0.000038,0.000169,0.000000,0.000196,0.000000,0.113194,0.113299
56,MySQL,Python,python-mysql-app-sort-1,0.000141,0.000686,0.000000,0.000764,0.000000,0.065468,0.065535
57,MySQL,Python,python-mysql-app-sort-1,0.000025,0.000137,0.000000,0.000158,0.000000,0.074859,0.074954
58,MySQL,Python,python-mysql-app-sort-1,0.000036,0.000283,0.000000,0.000318,0.000000,0.075929,0.076011
59,MySQL,Python,python-mysql-app-sort-1,0.000031,0.001009,0.000000,0.001044,0.000000,0.054157,0.054224
60,MySQL,Python,python-mysql-app-sort-1,0.000025,0.000117,0.000000,0.000137,0.000000,0.054048,0.054100
61,MySQL,Python,python-mysql-data-procedure-1,0.000024,0.000162,0.000000,0.000184,0.000000,0.249846,0.249902
62,MySQL,Python,python-mysql-data-procedure-1,0.000027,0.000208,0.000000,0.000232,0.000000,0.844502,0.844601
63,MySQL,Python,python-mysql-data-procedure-1,0.000039,0.000159,0.000000,0.000563,0.000000,0.134965,0.135024
64,MySQL,Python,python-mysql-data-procedure-1,0.000025,0.000122,0.000000,0.000154,0.000000,0.118460,0.118503
65,MySQL,Python,python-mysql-data-procedure-1,0.000025,0.000111,0.000000,0.000129,0.000000,0.118975,0.119020
66,MySQL,Python,python-mysql-data-procedure-1,0.000048,0.000152,0.000000,0.000175,0.000000,0.120686,0.120769
67,MySQL,Python,python-mysql-data-procedure-1,0.000046,0.000140,0.000000,0.000160,0.000000,0.117005,0.117057
68,MySQL,Python,python-mysql-data-procedure-1,0.000029,0.000676,0.000000,0.000915,0.000000,0.126151,0.126326
69,MySQL,Python,python-mysql-data-procedure-1,0.000030,0.000131,0.000000,0.000158,0.000000,0.134488,0.134536
70,MySQL,Python,python-mysql-data-procedure-1,0.000030,0.000435,0.000000,0.000468,0.000000,0.148026,0.148078
71,MySQL,Python,python-mysql-app-procedure-1,0.000047,0.000162,0.000000,0.000191,0.000000,0.105475,0.106309
72,MySQL,Python,python-mysql-app-procedure-1,0.000056,0.000241,0.000000,0.000280,0.000000,0.094807,0.094852
73,MySQL,Python,python-mysql-app-procedure-1,0.000025,0.000120,0.000000,0.000140,0.000000,0.121888,0.121973
74,MySQL,Python,python-mysql-app-procedure-1,0.000058,0.001192,0.000000,0.001289,0.000000,0.156184,0.156239
75,MySQL,Python,python-mysql-app-procedure-1,0.000026,0.000129,0.000000,0.000149,0.000000,0.138434,0.138482
76,MySQL,Python,python-mysql-app-procedure-1,0.000104,0.000293,0.000000,0.000354,0.000000,0.091521,0.091575
77,MySQL,Python,python-mysql-app-procedure-1,0.000032,0.000128,0.000000,0.000152,0.000000,0.082373,0.082420
78,MySQL,Python,python-mysql-app-procedure-1,0.000064,0.000241,0.000000,0.000260,0.000000,0.131342,0.131572
79,MySQL,Python,python-mysql-app-procedure-1,0.000027,0.000143,0.000000,0.000166,0.000000,0.111075,0.111124
80,MySQL,Python,python-mysql-app-procedure-1,0.000032,0.000155,0.000000,0.000179,0.000000,0.087944,0.088017
81,MySQL,Python,python-mysql-data-adprocedure-1,0.000029,0.000150,0.000000,0.000176,0.000000,0.072236,0.072287
82,MySQL,Python,python-mysql-data-adprocedure-1,0.000027,0.000532,0.000000,0.000560,0.000000,0.063378,0.063428
83,MySQL,Python,python-mysql-data-adprocedure-1,0.000028,0.000139,0.000000,0.000164,0.000000,0.054385,0.054433
84,MySQL,Python,python-mysql-data-adprocedure-1,0.000031,0.000149,0.000000,0.000176,0.000000,0.057190,0.057237
85,MySQL,Python,python-mysql-data-adprocedure-1,0.000031,0.000150,0.000000,0.000171,0.000000,0.049668,0.050012
86,MySQL,Python,python-mysql-data-adprocedure-1,0.000047,0.000162,0.000000,0.000184,0.000000,0.046687,0.046736
87,MySQL,Python,python-mysql-data-adprocedure-1,0.000036,0.000169,0.000000,0.000202,0.000000,0.047065,0.047111
88,MySQL,Python,python-mysql-data-adprocedure-1,0.000027,0.000122,0.000000,0.000146,0.000000,0.046978,0.047152
89,MySQL,Python,python-mysql-data-adprocedure-1,0.000043,0.000193,0.000000,0.000218,0.000000,0.054199,0.054256
90,MySQL,Python,python-mysql-data-adprocedure-1,0.000032,0.000125,0.000000,0.000145,0.000000,0.048487,0.048534
91,MySQL,Python,python-mysql-app-adprocedure-1,0.000026,0.001180,0.000000,0.001221,0.000000,0.050637,0.050686
92,MySQL,Python,python-mysql-app-adprocedure-1,0.000028,0.000249,0.000000,0.000393,0.000000,0.052894,0.053029
93,MySQL,Python,python-mysql-app-adprocedure-1,0.000034,0.001946,0.000000,0.001999,0.000000,0.063740,0.063821
94,MySQL,Python,python-mysql-app-adprocedure-1,0.000028,0.000136,0.000000,0.000160,0.000000,0.058543,0.058623
95,MySQL,Python,python-mysql-app-adprocedure-1,0.000038,0.000145,0.000000,0.000172,0.000000,0.057851,0.057957
96,MySQL,Python,python-mysql-app-adprocedure-1,0.000037,0.000156,0.000000,0.000181,0.000000,0.054133,0.054204
97,MySQL,Python,python-mysql-app-adprocedure-1,0.000034,0.000120,0.000000,0.000147,0.000000,0.061501,0.061628
98,MySQL,Python,python-mysql-app-adprocedure-1,0.000055,0.000228,0.000000,0.000267,0.000000,0.048590,0.048649
99,MySQL,Python,python-mysql-app-adprocedure-1,0.000024,0.000128,0.000000,0.000152,0.000000,0.042380,0.042475
100,MySQL,Python,python-mysql-app-adprocedure-1,0.000026,0.000128,0.000000,0.000153,0.000000,0.048256,0.048315
101,MySQL,Python,python-mysql-data-aggre-2,0.000031,0.000557,0.000000,0.000594,0.000000,0.189690,0.190365
102,MySQL,Python,python-mysql-data-aggre-2,0.000083,0.000261,0.000000,0.000289,0.000000,0.009784,0.009842
103,MySQL,Python,python-mysql-data-aggre-2,0.000028,0.000120,0.000000,0.000143,0.000000,0.006381,0.006426
104,MySQL,Python,python-mysql-data-aggre-2,0.000047,0.000126,0.000000,0.000584,0.000000,0.004691,0.005494
105,MySQL,Python,python-mysql-data-aggre-2,0.000025,0.000112,0.000000,0.000131,0.000000,0.004835,0.004885
106,MySQL,Python,python-mysql-data-aggre-2,0.000027,0.000128,0.000000,0.000152,0.000000,0.006402,0.006583
107,MySQL,Python,python-mysql-data-aggre-2,0.000051,0.001804,0.000000,0.001848,0.000000,0.006626,0.006772
108,MySQL,Python,python-mysql-data-aggre-2,0.000092,0.000419,0.000000,0.000469,0.000000,0.007705,0.007795
109,MySQL,Python,python-mysql-data-aggre-2,0.000036,0.000161,0.000000,0.000193,0.000000,0.005977,0.006025
110,MySQL,Python,python-mysql-data-aggre-2,0.000028,0.000194,0.000000,0.000220,0.000000,0.004827,0.004996
111,MySQL,Python,python-mysql-app-aggre-2,0.000025,0.000428,0.000000,0.000455,0.000000,0.007868,0.007945
112,MySQL,Python,python-mysql-app-aggre-2,0.000027,0.000118,0.000000,0.000139,0.000000,0.006299,0.006347
113,MySQL,Python,python-mysql-app-aggre-2,0.000025,0.000433,0.000000,0.000469,0.000000,0.006639,0.006714
114,MySQL,Python,python-mysql-app-aggre-2,0.000054,0.000220,0.000000,0.000250,0.000000,0.005296,0.005349
115,MySQL,Python,python-mysql-app-aggre-2,0.000065,0.000149,0.000000,0.000173,0.000000,0.005625,0.005733
116,MySQL,Python,python-mysql-app-aggre-2,0.000028,0.000109,0.000000,0.000127,0.000000,0.005835,0.005916
117,MySQL,Python,python-mysql-app-aggre-2,0.000030,0.000117,0.000000,0.000140,0.000000,0.005176,0.005234
118,MySQL,Python,python-mysql-app-aggre-2,0.000027,0.000212,0.000000,0.000234,0.000000,0.004932,0.004978
119,MySQL,Python,python-mysql-app-aggre-2,0.000040,0.000190,0.000000,0.000220,0.000000,0.007233,0.007307
120,MySQL,Python,python-mysql-app-aggre-2,0.000032,0.000142,0.000000,0.000170,0.000000,0.006352,0.006435
121,MySQL,Python,python-mysql-data-filter-2,0.000043,0.002770,0.000000,0.002899,0.000000,0.009431,0.009502
122,MySQL,Python,python-mysql-data-filter-2,0.000026,0.000116,0.000000,0.000137,0.000000,0.009586,0.009702
123,MySQL,Python,python-mysql-data-filter-2,0.000048,0.000232,0.000000,0.000277,0.000000,0.010792,0.010973
124,MySQL,Python,python-mysql-data-filter-2,0.000035,0.000828,0.000000,0.000878,0.000000,0.009099,0.009197
125,MySQL,Python,python-mysql-data-filter-2,0.000039,0.000264,0.000000,0.000286,0.000000,0.006285,0.006347
126,MySQL,Python,python-mysql-data-filter-2,0.000038,0.000221,0.000000,0.000253,0.000000,0.006695,0.006765
127,MySQL,Python,python-mysql-data-filter-2,0.000046,0.000639,0.000000,0.000694,0.000000,0.009982,0.010056
128,MySQL,Python,python-mysql-data-filter-2,0.000046,0.000204,0.000000,0.000244,0.000000,0.009531,0.009606
129,MySQL,Python,python-mysql-data-filter-2,0.000044,0.000208,0.000000,0.000249,0.000000,0.009300,0.009408
130,MySQL,Python,python-mysql-data-filter-2,0.000039,0.000331,0.000000,0.000367,0.000000,0.007486,0.007570
131,MySQL,Python,python-mysql-app-filter-2,0.000036,0.001112,0.000000,0.001177,0.000000,0.010528,0.010605
132,MySQL,Python,python-mysql-app-filter-2,0.000045,0.000238,0.000000,0.000272,0.000000,0.008676,0.008774
133,MySQL,Python,python-mysql-app-filter-2,0.000078,0.000339,0.000000,0.000382,0.000000,0.072132,0.072394
134,MySQL,Python,python-mysql-app-filter-2,0.000057,0.000221,0.000000,0.000296,0.000000,0.008524,0.008603
135,MySQL,Python,python-mysql-app-filter-2,0.000050,0.000495,0.000000,0.000612,0.000000,0.009296,0.009367
136,MySQL,Python,python-mysql-app-filter-2,0.000072,0.000171,0.000000,0.000195,0.000000,0.005866,0.005943
137,MySQL,Python,python-mysql-app-filter-2,0.000029,0.000515,0.000000,0.000554,0.000000,0.005144,0.005229
138,MySQL,Python,python-mysql-app-filter-2,0.000025,0.000116,0.000000,0.000139,0.000000,0.004346,0.004403
139,MySQL,Python,python-mysql-app-filter-2,0.000028,0.000182,0.000000,0.000203,0.000000,0.004251,0.004295
140,MySQL,Python,python-mysql-app-filter-2,0.000023,0.000184,0.000000,0.000207,0.000000,0.004696,0.004743
141,MySQL,Python,python-mysql-data-sort-2,0.000025,0.000524,0.000000,0.000559,0.000000,0.005815,0.005851
142,MySQL,Python,python-mysql-data-sort-2,0.000021,0.000109,0.000000,0.000128,0.000000,0.004814,0.004858
143,MySQL,Python,python-mysql-data-sort-2,0.000023,0.000552,0.000000,0.000587,0.000000,0.004776,0.004843
144,MySQL,Python,python-mysql-data-sort-2,0.000024,0.000120,0.000000,0.000140,0.000000,0.005837,0.005879
145,MySQL,Python,python-mysql-data-sort-2,0.000034,0.003573,0.000000,0.003637,0.000000,0.009359,0.009514
146,MySQL,Python,python-mysql-data-sort-2,0.000036,0.000134,0.000000,0.000162,0.000000,0.006271,0.006323
147,MySQL,Python,python-mysql-data-sort-2,0.000026,0.000120,0.000000,0.000141,0.000000,0.006708,0.006773
148,MySQL,Python,python-mysql-data-sort-2,0.000035,0.000150,0.000000,0.000181,0.000000,0.006018,0.006099
149,MySQL,Python,python-mysql-data-sort-2,0.000040,0.000184,0.000000,0.000220,0.000000,0.006036,0.006085
150,MySQL,Python,python-mysql-data-sort-2,0.000050,0.000286,0.000000,0.000312,0.000000,0.005185,0.005621
151,MySQL,Python,python-mysql-app-sort-2,0.000042,0.000291,0.000000,0.000334,0.000000,0.004693,0.004739
152,MySQL,Python,python-mysql-app-sort-2,0.000027,0.001054,0.000000,0.001098,0.000000,0.005874,0.005935
153,MySQL,Python,python-mysql-app-sort-2,0.000027,0.001815,0.000000,0.002133,0.000000,0.006909,0.006971
154,MySQL,Python,python-mysql-app-sort-2,0.000029,0.000139,0.000000,0.000163,0.000000,0.007215,0.007265
155,MySQL,Python,python-mysql-app-sort-2,0.000030,0.000137,0.000000,0.000159,0.000000,0.004581,0.004636
156,MySQL,Python,python-mysql-app-sort-2,0.000028,0.000121,0.000000,0.000144,0.000000,0.004888,0.004952
157,MySQL,Python,python-mysql-app-sort-2,0.000034,0.001532,0.000000,0.001559,0.000000,0.005562,0.005610
158,MySQL,Python,python-mysql-app-sort-2,0.000027,0.000136,0.000000,0.000158,0.000000,0.004247,0.004320
159,MySQL,Python,python-mysql-app-sort-2,0.000026,0.000506,0.000000,0.000543,0.000000,0.005116,0.005154
160,MySQL,Python,python-mysql-app-sort-2,0.000024,0.000118,0.000000,0.000138,0.000000,0.005066,0.005107
161,MySQL,Python,python-mysql-data-procedure-2,0.000022,0.000147,0.000000,0.000166,0.000000,0.005221,0.005276
162,MySQL,Python,python-mysql-data-procedure-2,0.000049,0.000355,0.000000,0.000403,0.000000,0.009777,0.009859
163,MySQL,Python,python-mysql-data-procedure-2,0.000041,0.000189,0.000000,0.000225,0.000000,0.009764,0.009824
164,MySQL,Python,python-mysql-data-procedure-2,0.000033,0.000146,0.000000,0.000176,0.000000,0.005700,0.005757
165,MySQL,Python,python-mysql-data-procedure-2,0.000033,0.000562,0.000000,0.000605,0.000000,0.006413,0.006473
166,MySQL,Python,python-mysql-data-procedure-2,0.000031,0.000219,0.000000,0.000247,0.000000,0.006826,0.006870
167,MySQL,Python,python-mysql-data-procedure-2,0.000034,0.001685,0.000000,0.001742,0.000000,0.007405,0.007457
168,MySQL,Python,python-mysql-data-procedure-2,0.000026,0.000116,0.000000,0.000136,0.000000,0.005399,0.005480
169,MySQL,Python,python-mysql-data-procedure-2,0.000087,0.000458,0.000000,0.000729,0.000000,0.005110,0.005156
170,MySQL,Python,python-mysql-data-procedure-2,0.000028,0.000425,0.000000,0.000462,0.000000,0.005061,0.005505
171,MySQL,Python,python-mysql-app-procedure-2,0.000025,0.000121,0.000000,0.000143,0.000000,0.004139,0.004178
172,MySQL,Python,python-mysql-app-procedure-2,0.000029,0.000115,0.000000,0.000135,0.000000,0.004301,0.004528
173,MySQL,Python,python-mysql-app-procedure-2,0.000026,0.000534,0.000000,0.000568,0.000000,0.004840,0.004907
174,MySQL,Python,python-mysql-app-procedure-2,0.000052,0.000135,0.000000,0.000158,0.000000,0.005506,0.005551
175,MySQL,Python,python-mysql-app-procedure-2,0.000025,0.000358,0.000000,0.000386,0.000000,0.004430,0.004481
176,MySQL,Python,python-mysql-app-procedure-2,0.000041,0.000133,0.000000,0.000155,0.000000,0.005149,0.005211
177,MySQL,Python,python-mysql-app-procedure-2,0.000026,0.000162,0.000000,0.000187,0.000000,0.005337,0.005649
178,MySQL,Python,python-mysql-app-procedure-2,0.000024,0.000169,0.000000,0.000189,0.000000,0.004722,0.004767
179,MySQL,Python,python-mysql-app-procedure-2,0.000024,0.000098,0.000000,0.000116,0.000000,0.004572,0.004620
180,MySQL,Python,python-mysql-app-procedure-2,0.000021,0.000192,0.000000,0.000211,0.000000,0.004279,0.004314
181,MySQL,Python,python-mysql-data-adprocedure-2,0.000026,0.000122,0.000000,0.000141,0.000000,0.004378,0.004417
182,MySQL,Python,python-mysql-data-adprocedure-2,0.000026,0.000180,0.000000,0.000201,0.000000,0.004534,0.004568
183,MySQL,Python,python-mysql-data-adprocedure-2,0.000026,0.000161,0.000000,0.000181,0.000000,0.004494,0.004552
184,MySQL,Python,python-mysql-data-adprocedure-2,0.000050,0.000325,0.000000,0.000404,0.000000,0.008616,0.008702
185,MySQL,Python,python-mysql-data-adprocedure-2,0.000044,0.000447,0.000000,0.001447,0.000000,0.008106,0.008176
186,MySQL,Python,python-mysql-data-adprocedure-2,0.000030,0.000150,0.000000,0.000175,0.000000,0.005427,0.005481
187,MySQL,Python,python-mysql-data-adprocedure-2,0.000024,0.000116,0.000000,0.000136,0.000000,0.004766,0.004811
188,MySQL,Python,python-mysql-data-adprocedure-2,0.000022,0.000145,0.000000,0.000165,0.000000,0.004582,0.004638
189,MySQL,Python,python-mysql-data-adprocedure-2,0.000024,0.000114,0.000000,0.000133,0.000000,0.004718,0.004868
190,MySQL,Python,python-mysql-data-adprocedure-2,0.000026,0.000161,0.000000,0.000183,0.000000,0.004244,0.004358
191,MySQL,Python,python-mysql-app-adprocedure-2,0.000026,0.000131,0.000000,0.000157,0.000000,0.004495,0.004541
192,MySQL,Python,python-mysql-app-adprocedure-2,0.000025,0.000111,0.000000,0.000133,0.000000,0.004753,0.004803
193,MySQL,Python,python-mysql-app-adprocedure-2,0.000024,0.000110,0.000000,0.000129,0.000000,0.004216,0.004283
194,MySQL,Python,python-mysql-app-adprocedure-2,0.000028,0.000114,0.000000,0.000135,0.000000,0.004866,0.004912
195,MySQL,Python,python-mysql-app-adprocedure-2,0.000026,0.000218,0.000000,0.000244,0.000000,0.004609,0.004653
196,MySQL,Python,python-mysql-app-adprocedure-2,0.000026,0.000112,0.000000,0.000134,0.000000,0.004352,0.004397
197,MySQL,Python,python-mysql-app-adprocedure-2,0.000031,0.000120,0.000000,0.000142,0.000000,0.005833,0.005933
198,MySQL,Python,python-mysql-app-adprocedure-2,0.000030,0.000593,0.000000,0.000619,0.000000,0.005140,0.005197
199,MySQL,Python,python-mysql-app-adprocedure-2,0.000026,0.000115,0.000000,0.000137,0.000000,0.004526,0.004579
200,MySQL,Python,python-mysql-app-adprocedure-2,0.000039,0.000128,0.000000,0.000149,0.000000,0.004307,0.004417
201,MySQL,Python,python-mysql-data-aggre-3,0.000031,0.000742,0.000000,0.000778,0.000000,0.017463,0.017518
202,MySQL,Python,python-mysql-data-aggre-3,0.000037,0.000230,0.000000,0.000263,0.000000,0.006351,0.006395
203,MySQL,Python,python-mysql-data-aggre-3,0.000024,0.000134,0.000000,0.000156,0.000000,0.004953,0.004993
204,MySQL,Python,python-mysql-data-aggre-3,0.000042,0.000232,0.000000,0.000263,0.000000,0.005286,0.005333
205,MySQL,Python,python-mysql-data-aggre-3,0.000027,0.000135,0.000000,0.000158,0.000000,0.005325,0.005369
206,MySQL,Python,python-mysql-data-aggre-3,0.000026,0.001321,0.000000,0.001370,0.000000,0.010337,0.010410
207,MySQL,Python,python-mysql-data-aggre-3,0.000031,0.000198,0.000000,0.000221,0.000000,0.011283,0.011332
208,MySQL,Python,python-mysql-data-aggre-3,0.000037,0.000479,0.000000,0.000708,0.000000,0.005610,0.005688
209,MySQL,Python,python-mysql-data-aggre-3,0.000023,0.001822,0.000000,0.001858,0.000000,0.008213,0.008274
210,MySQL,Python,python-mysql-data-aggre-3,0.000024,0.000127,0.000000,0.000149,0.000000,0.006586,0.006640
211,MySQL,Python,python-mysql-app-aggre-3,0.000033,0.000621,0.000000,0.001078,0.000000,0.007294,0.007352
212,MySQL,Python,python-mysql-app-aggre-3,0.000032,0.000187,0.000000,0.000220,0.000000,0.006263,0.006369
213,MySQL,Python,python-mysql-app-aggre-3,0.000028,0.000859,0.000000,0.000904,0.000000,0.006633,0.006697
214,MySQL,Python,python-mysql-app-aggre-3,0.000026,0.000131,0.000000,0.000206,0.000000,0.007665,0.007716
215,MySQL,Python,python-mysql-app-aggre-3,0.000030,0.002796,0.000000,0.002868,0.000000,0.010921,0.010974
216,MySQL,Python,python-mysql-app-aggre-3,0.000026,0.000208,0.000000,0.000240,0.000000,0.006642,0.006695
217,MySQL,Python,python-mysql-app-aggre-3,0.000028,0.000142,0.000000,0.000167,0.000000,0.005504,0.005556
218,MySQL,Python,python-mysql-app-aggre-3,0.000064,0.000180,0.000000,0.000201,0.000000,0.005141,0.005189
219,MySQL,Python,python-mysql-app-aggre-3,0.000030,0.000156,0.000000,0.000179,0.000000,0.006135,0.006180
220,MySQL,Python,python-mysql-app-aggre-3,0.000046,0.000240,0.000000,0.000279,0.000000,0.005817,0.005858
221,MySQL,Python,python-mysql-data-filter-3,0.000068,0.000224,0.000000,0.000260,0.000000,0.007536,0.007677
222,MySQL,Python,python-mysql-data-filter-3,0.000039,0.000170,0.000000,0.000203,0.000000,0.006372,0.006450
223,MySQL,Python,python-mysql-data-filter-3,0.000040,0.000154,0.000000,0.000180,0.000000,0.006356,0.006458
224,MySQL,Python,python-mysql-data-filter-3,0.000030,0.000165,0.000000,0.000189,0.000000,0.006402,0.006455
225,MySQL,Python,python-mysql-data-filter-3,0.000024,0.000130,0.000000,0.000151,0.000000,0.005293,0.005341
226,MySQL,Python,python-mysql-data-filter-3,0.000056,0.000174,0.000000,0.000204,0.000000,0.009962,0.010066
227,MySQL,Python,python-mysql-data-filter-3,0.000027,0.001398,0.000000,0.001441,0.000000,0.006639,0.006687
228,MySQL,Python,python-mysql-data-filter-3,0.000028,0.000147,0.000000,0.000168,0.000000,0.006549,0.006638
229,MySQL,Python,python-mysql-data-filter-3,0.000026,0.000135,0.000000,0.000157,0.000000,0.006176,0.006235
230,MySQL,Python,python-mysql-data-filter-3,0.000035,0.000188,0.000000,0.000288,0.000000,0.005811,0.005855
231,MySQL,Python,python-mysql-app-filter-3,0.000025,0.000127,0.000000,0.000147,0.000000,0.006674,0.006729
232,MySQL,Python,python-mysql-app-filter-3,0.000028,0.000246,0.000000,0.000272,0.000000,0.007958,0.008005
233,MySQL,Python,python-mysql-app-filter-3,0.000027,0.000129,0.000000,0.000152,0.000000,0.007750,0.007816
234,MySQL,Python,python-mysql-app-filter-3,0.000025,0.000195,0.000000,0.000218,0.000000,0.005725,0.005772
235,MySQL,Python,python-mysql-app-filter-3,0.000028,0.000272,0.000000,0.000348,0.000000,0.006284,0.006336
236,MySQL,Python,python-mysql-app-filter-3,0.000029,0.000146,0.000000,0.000174,0.000000,0.006775,0.006855
237,MySQL,Python,python-mysql-app-filter-3,0.000028,0.000122,0.000000,0.000141,0.000000,0.006162,0.006244
238,MySQL,Python,python-mysql-app-filter-3,0.000023,0.000109,0.000000,0.000130,0.000000,0.005194,0.005246
239,MySQL,Python,python-mysql-app-filter-3,0.000024,0.000121,0.000000,0.000141,0.000000,0.005390,0.005448
240,MySQL,Python,python-mysql-app-filter-3,0.000024,0.000133,0.000000,0.000155,0.000000,0.004471,0.004536
241,MySQL,Python,python-mysql-data-sort-3,0.000026,0.000133,0.000000,0.000155,0.000000,0.005903,0.006037
242,MySQL,Python,python-mysql-data-sort-3,0.000027,0.000125,0.000000,0.000145,0.000000,0.004601,0.004646
243,MySQL,Python,python-mysql-data-sort-3,0.000024,0.000120,0.000000,0.000140,0.000000,0.004766,0.004811
244,MySQL,Python,python-mysql-data-sort-3,0.000023,0.000125,0.000000,0.000145,0.000000,0.004621,0.004692
245,MySQL,Python,python-mysql-data-sort-3,0.000034,0.000168,0.000000,0.000207,0.000000,0.006980,0.007072
246,MySQL,Python,python-mysql-data-sort-3,0.000025,0.000160,0.000000,0.000182,0.000000,0.004749,0.004790
247,MySQL,Python,python-mysql-data-sort-3,0.000025,0.000640,0.000000,0.000674,0.000000,0.005509,0.005571
248,MySQL,Python,python-mysql-data-sort-3,0.000026,0.000146,0.000000,0.000174,0.000000,0.004464,0.004509
249,MySQL,Python,python-mysql-data-sort-3,0.000025,0.000104,0.000000,0.000123,0.000000,0.005314,0.005361
250,MySQL,Python,python-mysql-data-sort-3,0.000027,0.000142,0.000000,0.000166,0.000000,0.004841,0.004887
251,MySQL,Python,python-mysql-app-sort-3,0.000037,0.000251,0.000000,0.000275,0.000000,0.005531,0.005580
252,MySQL,Python,python-mysql-app-sort-3,0.000036,0.000205,0.000000,0.000236,0.000000,0.005618,0.005662
253,MySQL,Python,python-mysql-app-sort-3,0.000026,0.000117,0.000000,0.000138,0.000000,0.004854,0.004915
254,MySQL,Python,python-mysql-app-sort-3,0.000028,0.000102,0.000000,0.000120,0.000000,0.005390,0.005477
255,MySQL,Python,python-mysql-app-sort-3,0.000028,0.000129,0.000000,0.000149,0.000000,0.004686,0.004736
256,MySQL,Python,python-mysql-app-sort-3,0.000026,0.000119,0.000000,0.000142,0.000000,0.004414,0.004459
257,MySQL,Python,python-mysql-app-sort-3,0.000027,0.000124,0.000000,0.000146,0.000000,0.004266,0.004304
258,MySQL,Python,python-mysql-app-sort-3,0.000026,0.000121,0.000000,0.000144,0.000000,0.005503,0.005574
259,MySQL,Python,python-mysql-app-sort-3,0.000039,0.000201,0.000000,0.000235,0.000000,0.005658,0.005701
260,MySQL,Python,python-mysql-app-sort-3,0.000025,0.000130,0.000000,0.000155,0.000000,0.005227,0.005273
261,MySQL,Python,python-mysql-data-procedure-3,0.000024,0.000126,0.000000,0.000145,0.000000,0.009173,0.009224
262,MySQL,Python,python-mysql-data-procedure-3,0.000027,0.000119,0.000000,0.000175,0.000000,0.005738,0.005802
263,MySQL,Python,python-mysql-data-procedure-3,0.000027,0.000125,0.000000,0.000145,0.000000,0.005168,0.005216
264,MySQL,Python,python-mysql-data-procedure-3,0.000025,0.000123,0.000000,0.000144,0.000000,0.004443,0.004491
265,MySQL,Python,python-mysql-data-procedure-3,0.000027,0.000140,0.000000,0.000162,0.000000,0.005247,0.005299
266,MySQL,Python,python-mysql-data-procedure-3,0.000023,0.000121,0.000000,0.000140,0.000000,0.004392,0.004433
267,MySQL,Python,python-mysql-data-procedure-3,0.000026,0.000129,0.000000,0.000150,0.000000,0.004305,0.004430
268,MySQL,Python,python-mysql-data-procedure-3,0.000026,0.002376,0.000000,0.002412,0.000000,0.006501,0.006545
269,MySQL,Python,python-mysql-data-procedure-3,0.000023,0.000123,0.000000,0.000143,0.000000,0.004813,0.004887
270,MySQL,Python,python-mysql-data-procedure-3,0.000026,0.000120,0.000000,0.000144,0.000000,0.004860,0.004903
271,MySQL,Python,python-mysql-app-procedure-3,0.000024,0.000115,0.000000,0.000134,0.000000,0.006046,0.006093
272,MySQL,Python,python-mysql-app-procedure-3,0.000026,0.000125,0.000000,0.000147,0.000000,0.009639,0.009711
273,MySQL,Python,python-mysql-app-procedure-3,0.000027,0.000129,0.000000,0.000150,0.000000,0.005563,0.005609
274,MySQL,Python,python-mysql-app-procedure-3,0.000028,0.000159,0.000000,0.000182,0.000000,0.005498,0.005546
275,MySQL,Python,python-mysql-app-procedure-3,0.000027,0.000138,0.000000,0.000158,0.000000,0.004793,0.004851
276,MySQL,Python,python-mysql-app-procedure-3,0.000024,0.000632,0.000000,0.000653,0.000000,0.005503,0.005650
277,MySQL,Python,python-mysql-app-procedure-3,0.000040,0.000174,0.000000,0.000207,0.000000,0.012467,0.012528
278,MySQL,Python,python-mysql-app-procedure-3,0.000032,0.000177,0.000000,0.000207,0.000000,0.006306,0.006357
279,MySQL,Python,python-mysql-app-procedure-3,0.000023,0.000169,0.000000,0.000189,0.000000,0.006125,0.006181
280,MySQL,Python,python-mysql-app-procedure-3,0.000042,0.000176,0.000000,0.000211,0.000000,0.008937,0.009006
281,MySQL,Python,python-mysql-data-adprocedure-3,0.000023,0.000150,0.000000,0.000172,0.000000,0.006815,0.006904
282,MySQL,Python,python-mysql-data-adprocedure-3,0.000051,0.000225,0.000000,0.000272,0.000000,0.008574,0.008734
283,MySQL,Python,python-mysql-data-adprocedure-3,0.000058,0.000282,0.000000,0.000334,0.000000,0.011733,0.011806
284,MySQL,Python,python-mysql-data-adprocedure-3,0.000073,0.000450,0.000000,0.000512,0.000000,0.007655,0.007719
285,MySQL,Python,python-mysql-data-adprocedure-3,0.000035,0.000138,0.000000,0.000166,0.000000,0.005917,0.005981
286,MySQL,Python,python-mysql-data-adprocedure-3,0.000026,0.000133,0.000000,0.000157,0.000000,0.006233,0.006302
287,MySQL,Python,python-mysql-data-adprocedure-3,0.000025,0.000161,0.000000,0.000189,0.000000,0.004465,0.004539
288,MySQL,Python,python-mysql-data-adprocedure-3,0.000027,0.000123,0.000000,0.000147,0.000000,0.007182,0.007224
289,MySQL,Python,python-mysql-data-adprocedure-3,0.000083,0.000195,0.000000,0.000229,0.000000,0.005385,0.005425
290,MySQL,Python,python-mysql-data-adprocedure-3,0.000054,0.000250,0.000000,0.000277,0.000000,0.011519,0.011611
291,MySQL,Python,python-mysql-app-adprocedure-3,0.000025,0.000125,0.000000,0.000145,0.000000,0.008281,0.008368
292,MySQL,Python,python-mysql-app-adprocedure-3,0.000073,0.000313,0.000000,0.000374,0.000000,0.013753,0.013904
293,MySQL,Python,python-mysql-app-adprocedure-3,0.000042,0.000322,0.000000,0.000366,0.000000,0.009185,0.009434
294,MySQL,Python,python-mysql-app-adprocedure-3,0.000026,0.000143,0.000000,0.000166,0.000000,0.005367,0.005555
295,MySQL,Python,python-mysql-app-adprocedure-3,0.000036,0.000156,0.000000,0.000185,0.000000,0.005269,0.005333
296,MySQL,Python,python-mysql-app-adprocedure-3,0.000027,0.000130,0.000000,0.000151,0.000000,0.004641,0.004688
297,MySQL,Python,python-mysql-app-adprocedure-3,0.000029,0.000127,0.000000,0.000146,0.000000,0.004906,0.004955
298,MySQL,Python,python-mysql-app-adprocedure-3,0.000026,0.000123,0.000000,0.000145,0.000000,0.006081,0.006168
299,MySQL,Python,python-mysql-app-adprocedure-3,0.000025,0.000493,0.000000,0.000527,0.000000,0.009569,0.009831
300,MySQL,Python,python-mysql-app-adprocedure-3,0.000025,0.000143,0.000000,0.000167,0.000000,0.007953,0.008139
301,MySQL,javascript,javascript-mysql-data-aggre-1,0.000031,0.000999,0.000000,0.002081,0.000000,0.353386,0.353435
302,MySQL,javascript,javascript-mysql-data-aggre-1,0.000028,0.000125,0.000000,0.000154,0.000000,0.071103,0.071246
303,MySQL,javascript,javascript-mysql-data-aggre-1,0.000046,0.000853,0.000000,0.000924,0.000000,0.072548,0.072611
304,MySQL,javascript,javascript-mysql-data-aggre-1,0.000026,0.000139,0.000000,0.000164,0.000000,0.089464,0.089522
305,MySQL,javascript,javascript-mysql-data-aggre-1,0.000032,0.000133,0.000000,0.000154,0.000000,0.062239,0.062673
306,MySQL,javascript,javascript-mysql-data-aggre-1,0.000054,0.000513,0.000000,0.000545,0.000000,0.113583,0.113636
307,MySQL,javascript,javascript-mysql-data-aggre-1,0.000026,0.000868,0.000000,0.000902,0.000000,0.066411,0.066512
308,MySQL,javascript,javascript-mysql-data-aggre-1,0.000027,0.000125,0.000000,0.000145,0.000000,0.057905,0.057991
309,MySQL,javascript,javascript-mysql-data-aggre-1,0.000026,0.000118,0.000000,0.000142,0.000000,0.064312,0.064389
310,MySQL,javascript,javascript-mysql-data-aggre-1,0.000025,0.000111,0.000000,0.000130,0.000000,0.044839,0.044884
311,MySQL,javascript,javascript-mysql-app-aggre-1,0.000026,0.000494,0.000000,0.000528,0.000000,0.468112,0.468187
312,MySQL,javascript,javascript-mysql-app-aggre-1,0.000032,0.000138,0.000000,0.000162,0.000000,0.764181,0.764312
313,MySQL,javascript,javascript-mysql-app-aggre-1,0.000027,0.000128,0.000000,0.000148,0.000000,0.154673,0.154804
314,MySQL,javascript,javascript-mysql-app-aggre-1,0.000049,0.000166,0.000000,0.000187,0.000000,0.497355,0.497420
315,MySQL,javascript,javascript-mysql-app-aggre-1,0.000029,0.000114,0.000000,0.000134,0.000000,0.252262,0.252395
316,MySQL,javascript,javascript-mysql-app-aggre-1,0.000022,0.000115,0.000000,0.000137,0.000000,0.240826,0.240882
317,MySQL,javascript,javascript-mysql-app-aggre-1,0.000028,0.000215,0.000000,0.000265,0.000000,0.141565,0.141638
318,MySQL,javascript,javascript-mysql-app-aggre-1,0.000024,0.000162,0.000000,0.000185,0.000000,0.141435,0.141482
319,MySQL,javascript,javascript-mysql-app-aggre-1,0.000030,0.000166,0.000000,0.000187,0.000000,0.243248,0.243412
320,MySQL,javascript,javascript-mysql-app-aggre-1,0.000046,0.000218,0.000000,0.000277,0.000000,0.143071,0.143162
321,MySQL,javascript,javascript-mysql-data-filter-1,0.000025,0.000119,0.000000,0.000142,0.000000,0.008357,0.008398
322,MySQL,javascript,javascript-mysql-data-filter-1,0.000024,0.000124,0.000000,0.000146,0.000000,0.007217,0.007255
323,MySQL,javascript,javascript-mysql-data-filter-1,0.000023,0.000123,0.000000,0.000144,0.000000,0.006262,0.006301
324,MySQL,javascript,javascript-mysql-data-filter-1,0.000054,0.000198,0.000000,0.000219,0.000000,0.006557,0.006636
325,MySQL,javascript,javascript-mysql-data-filter-1,0.000027,0.000128,0.000000,0.000149,0.000000,0.006300,0.006710
326,MySQL,javascript,javascript-mysql-data-filter-1,0.000021,0.000640,0.000000,0.000692,0.000000,0.008441,0.008484
327,MySQL,javascript,javascript-mysql-data-filter-1,0.000027,0.000121,0.000000,0.000142,0.000000,0.008096,0.008145
328,MySQL,javascript,javascript-mysql-data-filter-1,0.000026,0.000135,0.000000,0.000154,0.000000,0.008686,0.008726
329,MySQL,javascript,javascript-mysql-data-filter-1,0.000027,0.000127,0.000000,0.000149,0.000000,0.006986,0.007030
330,MySQL,javascript,javascript-mysql-data-filter-1,0.000024,0.000114,0.000000,0.000132,0.000000,0.007722,0.007771
331,MySQL,javascript,javascript-mysql-app-filter-1,0.000124,0.000330,0.000000,0.000386,0.000000,0.027960,0.028084
332,MySQL,javascript,javascript-mysql-app-filter-1,0.000050,0.000190,0.000000,0.000225,0.000000,0.020899,0.021015
333,MySQL,javascript,javascript-mysql-app-filter-1,0.000051,0.002118,0.000000,0.002186,0.000000,0.035410,0.035458
334,MySQL,javascript,javascript-mysql-app-filter-1,0.000028,0.000123,0.000000,0.000143,0.000000,0.026531,0.026614
335,MySQL,javascript,javascript-mysql-app-filter-1,0.000023,0.000120,0.000000,0.000139,0.000000,0.022101,0.022266
336,MySQL,javascript,javascript-mysql-app-filter-1,0.000072,0.000238,0.000000,0.000292,0.000000,0.040801,0.040869
337,MySQL,javascript,javascript-mysql-app-filter-1,0.000024,0.000105,0.000000,0.000124,0.000000,0.015739,0.015779
338,MySQL,javascript,javascript-mysql-app-filter-1,0.000031,0.000124,0.000000,0.000144,0.000000,0.015598,0.015678
339,MySQL,javascript,javascript-mysql-app-filter-1,0.000028,0.000128,0.000000,0.000154,0.000000,0.016531,0.016584
340,MySQL,javascript,javascript-mysql-app-filter-1,0.000024,0.000124,0.000000,0.000144,0.000000,0.018054,0.018102
341,MySQL,javascript,javascript-mysql-data-sort-1,0.000042,0.000202,0.000000,0.000232,0.000000,0.056504,0.056607
342,MySQL,javascript,javascript-mysql-data-sort-1,0.000035,0.000128,0.000000,0.000148,0.000000,0.048302,0.048354
343,MySQL,javascript,javascript-mysql-data-sort-1,0.000025,0.000109,0.000000,0.000128,0.000000,0.025456,0.025501
344,MySQL,javascript,javascript-mysql-data-sort-1,0.000029,0.000162,0.000000,0.000182,0.000000,0.034639,0.034693
345,MySQL,javascript,javascript-mysql-data-sort-1,0.000025,0.000121,0.000000,0.000142,0.000000,0.028677,0.028722
346,MySQL,javascript,javascript-mysql-data-sort-1,0.000060,0.000145,0.000000,0.000164,0.000000,0.045015,0.045062
347,MySQL,javascript,javascript-mysql-data-sort-1,0.000024,0.000121,0.000000,0.000142,0.000000,0.057028,0.057084
348,MySQL,javascript,javascript-mysql-data-sort-1,0.000023,0.000117,0.000000,0.000136,0.000000,0.027722,0.027812
349,MySQL,javascript,javascript-mysql-data-sort-1,0.000023,0.000123,0.000000,0.000145,0.000000,0.031140,0.031187
350,MySQL,javascript,javascript-mysql-data-sort-1,0.000029,0.000123,0.000000,0.000145,0.000000,0.025444,0.025491
351,MySQL,javascript,javascript-mysql-app-sort-1,0.000023,0.000119,0.000000,0.000141,0.000000,0.055247,0.055295
352,MySQL,javascript,javascript-mysql-app-sort-1,0.000030,0.000195,0.000000,0.000226,0.000000,0.026066,0.026193
353,MySQL,javascript,javascript-mysql-app-sort-1,0.000027,0.000200,0.000000,0.000282,0.000000,0.021594,0.021642
354,MySQL,javascript,javascript-mysql-app-sort-1,0.000031,0.000128,0.000000,0.000148,0.000000,0.024563,0.024650
355,MySQL,javascript,javascript-mysql-app-sort-1,0.000070,0.000293,0.000000,0.000378,0.000000,0.026535,0.026615
356,MySQL,javascript,javascript-mysql-app-sort-1,0.000027,0.000134,0.000000,0.000159,0.000000,0.048393,0.048444
357,MySQL,javascript,javascript-mysql-app-sort-1,0.000049,0.000300,0.000000,0.000336,0.000000,0.040072,0.040141
358,MySQL,javascript,javascript-mysql-app-sort-1,0.000026,0.000162,0.000000,0.000183,0.000000,0.038851,0.038897
359,MySQL,javascript,javascript-mysql-app-sort-1,0.000026,0.000197,0.000000,0.000231,0.000000,0.055461,0.055514
360,MySQL,javascript,javascript-mysql-app-sort-1,0.000028,0.000129,0.000000,0.000152,0.000000,0.024174,0.024273
361,MySQL,javascript,javascript-mysql-data-procedure-1,0.000029,0.000127,0.000000,0.000147,0.000000,0.073485,0.073531
362,MySQL,javascript,javascript-mysql-data-procedure-1,0.000034,0.000399,0.000000,0.000430,0.000000,0.082305,0.082459
363,MySQL,javascript,javascript-mysql-data-procedure-1,0.000032,0.001044,0.000000,0.001087,0.000000,0.079503,0.079611
364,MySQL,javascript,javascript-mysql-data-procedure-1,0.000036,0.000130,0.000000,0.000150,0.000000,0.076576,0.076629
365,MySQL,javascript,javascript-mysql-data-procedure-1,0.000029,0.000108,0.000000,0.000129,0.000000,0.069075,0.069131
366,MySQL,javascript,javascript-mysql-data-procedure-1,0.000060,0.000192,0.000000,0.000219,0.000000,0.078998,0.083339
367,MySQL,javascript,javascript-mysql-data-procedure-1,0.000042,0.000217,0.000000,0.000253,0.000000,0.082875,0.082964
368,MySQL,javascript,javascript-mysql-data-procedure-1,0.000029,0.000130,0.000000,0.000151,0.000000,0.106508,0.106735
369,MySQL,javascript,javascript-mysql-data-procedure-1,0.000060,0.000244,0.000000,0.000285,0.000000,0.094472,0.094516
370,MySQL,javascript,javascript-mysql-data-procedure-1,0.000033,0.000124,0.000000,0.000146,0.000000,0.077278,0.077506
371,MySQL,javascript,javascript-mysql-app-procedure-1,0.000040,0.000165,0.000000,0.000190,0.000000,0.017833,0.018000
372,MySQL,javascript,javascript-mysql-app-procedure-1,0.000057,0.003985,0.000000,0.004012,0.000000,0.024170,0.024266
373,MySQL,javascript,javascript-mysql-app-procedure-1,0.000022,0.000113,0.000000,0.000134,0.000000,0.018454,0.018499
374,MySQL,javascript,javascript-mysql-app-procedure-1,0.000074,0.000214,0.000000,0.000287,0.000000,0.028429,0.028515
375,MySQL,javascript,javascript-mysql-app-procedure-1,0.000032,0.000123,0.000000,0.000144,0.000000,0.019590,0.019694
376,MySQL,javascript,javascript-mysql-app-procedure-1,0.000024,0.000119,0.000000,0.000140,0.000000,0.017483,0.017530
377,MySQL,javascript,javascript-mysql-app-procedure-1,0.000116,0.000309,0.000000,0.000341,0.000000,0.018708,0.018862
378,MySQL,javascript,javascript-mysql-app-procedure-1,0.000026,0.000124,0.000000,0.000145,0.000000,0.017434,0.017480
379,MySQL,javascript,javascript-mysql-app-procedure-1,0.000026,0.000108,0.000000,0.000130,0.000000,0.017623,0.017756
380,MySQL,javascript,javascript-mysql-app-procedure-1,0.000029,0.000115,0.000000,0.000135,0.000000,0.019858,0.021589
381,MySQL,javascript,javascript-mysql-data-adprocedure-1,0.000053,0.000168,0.000000,0.000195,0.000000,0.323726,0.324068
382,MySQL,javascript,javascript-mysql-data-adprocedure-1,0.000047,0.000176,0.000000,0.000201,0.000000,0.017809,0.017900
383,MySQL,javascript,javascript-mysql-data-adprocedure-1,0.000029,0.000484,0.000000,0.000508,0.000000,0.015938,0.015997
384,MySQL,javascript,javascript-mysql-data-adprocedure-1,0.000070,0.000240,0.000000,0.000279,0.000000,0.028406,0.028595
385,MySQL,javascript,javascript-mysql-data-adprocedure-1,0.000053,0.000261,0.000000,0.000438,0.000000,0.026699,0.026786
386,MySQL,javascript,javascript-mysql-data-adprocedure-1,0.000036,0.000337,0.000000,0.000363,0.000000,0.024036,0.024174
387,MySQL,javascript,javascript-mysql-data-adprocedure-1,0.000035,0.000149,0.000000,0.000175,0.000000,0.019801,0.019953
388,MySQL,javascript,javascript-mysql-data-adprocedure-1,0.000040,0.000270,0.000000,0.000477,0.000000,0.013295,0.013360
389,MySQL,javascript,javascript-mysql-data-adprocedure-1,0.000028,0.000158,0.000000,0.000182,0.000000,0.013089,0.013165
390,MySQL,javascript,javascript-mysql-data-adprocedure-1,0.000029,0.000134,0.000000,0.000155,0.000000,0.013512,0.013690
391,MySQL,javascript,javascript-mysql-app-adprocedure-1,0.000103,0.000237,0.000000,0.000281,0.000000,0.010676,0.010777
392,MySQL,javascript,javascript-mysql-app-adprocedure-1,0.000027,0.000128,0.000000,0.000153,0.000000,0.006531,0.006579
393,MySQL,javascript,javascript-mysql-app-adprocedure-1,0.000023,0.000122,0.000000,0.000143,0.000000,0.007819,0.007880
394,MySQL,javascript,javascript-mysql-app-adprocedure-1,0.000025,0.000123,0.000000,0.000146,0.000000,0.009401,0.009472
395,MySQL,javascript,javascript-mysql-app-adprocedure-1,0.000028,0.000142,0.000000,0.000165,0.000000,0.008411,0.008466
396,MySQL,javascript,javascript-mysql-app-adprocedure-1,0.000703,0.001143,0.000000,0.001169,0.000000,0.015815,0.016042
397,MySQL,javascript,javascript-mysql-app-adprocedure-1,0.000034,0.000155,0.000000,0.000184,0.000000,0.011055,0.011132
398,MySQL,javascript,javascript-mysql-app-adprocedure-1,0.000031,0.000163,0.000000,0.000187,0.000000,0.012690,0.012827
399,MySQL,javascript,javascript-mysql-app-adprocedure-1,0.000031,0.000148,0.000000,0.000173,0.000000,0.013173,0.013237
400,MySQL,javascript,javascript-mysql-app-adprocedure-1,0.000035,0.000157,0.000000,0.000181,0.000000,0.012650,0.012708
401,MySQL,javascript,javascript-mysql-data-aggre-2,0.000066,0.000000,0.000000,0.000000,0.000000,0.000000,0.001790
402,MySQL,javascript,javascript-mysql-data-aggre-2,0.000028,0.000000,0.000000,0.000000,0.000000,0.000000,0.000112
403,MySQL,javascript,javascript-mysql-data-aggre-2,0.000039,0.000000,0.000000,0.000000,0.000000,0.000000,0.000135
404,MySQL,javascript,javascript-mysql-data-aggre-2,0.000030,0.000000,0.000000,0.000000,0.000000,0.000000,0.000208
405,MySQL,javascript,javascript-mysql-data-aggre-2,0.000044,0.000000,0.000000,0.000000,0.000000,0.000000,0.000337
406,MySQL,javascript,javascript-mysql-data-aggre-2,0.000049,0.000000,0.000000,0.000000,0.000000,0.000000,0.000202
407,MySQL,javascript,javascript-mysql-data-aggre-2,0.000059,0.000000,0.000000,0.000000,0.000000,0.000000,0.000201
408,MySQL,javascript,javascript-mysql-data-aggre-2,0.000031,0.000000,0.000000,0.000000,0.000000,0.000000,0.000127
409,MySQL,javascript,javascript-mysql-data-aggre-2,0.000037,0.000000,0.000000,0.000000,0.000000,0.000000,0.000150
410,MySQL,javascript,javascript-mysql-data-aggre-2,0.000027,0.000000,0.000000,0.000000,0.000000,0.000000,0.000108
411,MySQL,javascript,javascript-mysql-app-aggre-2,0.000027,0.000000,0.000000,0.000000,0.000000,0.000000,0.000134
412,MySQL,javascript,javascript-mysql-app-aggre-2,0.000028,0.000000,0.000000,0.000000,0.000000,0.000000,0.000102
413,MySQL,javascript,javascript-mysql-app-aggre-2,0.000040,0.000000,0.000000,0.000000,0.000000,0.000000,0.000115
414,MySQL,javascript,javascript-mysql-app-aggre-2,0.000027,0.000000,0.000000,0.000000,0.000000,0.000000,0.000111
415,MySQL,javascript,javascript-mysql-app-aggre-2,0.000026,0.000000,0.000000,0.000000,0.000000,0.000000,0.000100
416,MySQL,javascript,javascript-mysql-app-aggre-2,0.000032,0.000000,0.000000,0.000000,0.000000,0.000000,0.000111
417,MySQL,javascript,javascript-mysql-app-aggre-2,0.000042,0.000000,0.000000,0.000000,0.000000,0.000000,0.000139
418,MySQL,javascript,javascript-mysql-app-aggre-2,0.000024,0.000000,0.000000,0.000000,0.000000,0.000000,0.000108
419,MySQL,javascript,javascript-mysql-app-aggre-2,0.000025,0.000000,0.000000,0.000000,0.000000,0.000000,0.000125
420,MySQL,javascript,javascript-mysql-app-aggre-2,0.000026,0.000000,0.000000,0.000000,0.000000,0.000000,0.000100
421,MySQL,javascript,javascript-mysql-data-filter-2,0.000025,0.000000,0.000000,0.000000,0.000000,0.000000,0.000112
422,MySQL,javascript,javascript-mysql-data-filter-2,0.000028,0.000000,0.000000,0.000000,0.000000,0.000000,0.000097
423,MySQL,javascript,javascript-mysql-data-filter-2,0.000029,0.000000,0.000000,0.000000,0.000000,0.000000,0.000109
424,MySQL,javascript,javascript-mysql-data-filter-2,0.000026,0.000000,0.000000,0.000000,0.000000,0.000000,0.000111
425,MySQL,javascript,javascript-mysql-data-filter-2,0.000026,0.000000,0.000000,0.000000,0.000000,0.000000,0.000103
426,MySQL,javascript,javascript-mysql-data-filter-2,0.000027,0.000000,0.000000,0.000000,0.000000,0.000000,0.000117
427,MySQL,javascript,javascript-mysql-data-filter-2,0.000024,0.000000,0.000000,0.000000,0.000000,0.000000,0.000095
428,MySQL,javascript,javascript-mysql-data-filter-2,0.000027,0.000000,0.000000,0.000000,0.000000,0.000000,0.000103
429,MySQL,javascript,javascript-mysql-data-filter-2,0.000024,0.000000,0.000000,0.000000,0.000000,0.000000,0.000097
430,MySQL,javascript,javascript-mysql-data-filter-2,0.000030,0.000000,0.000000,0.000000,0.000000,0.000000,0.000138
431,MySQL,javascript,javascript-mysql-app-filter-2,0.000024,0.000000,0.000000,0.000000,0.000000,0.000000,0.000098
432,MySQL,javascript,javascript-mysql-app-filter-2,0.000035,0.000000,0.000000,0.000000,0.000000,0.000000,0.000159
433,MySQL,javascript,javascript-mysql-app-filter-2,0.000028,0.000000,0.000000,0.000000,0.000000,0.000000,0.000118
434,MySQL,javascript,javascript-mysql-app-filter-2,0.000027,0.000000,0.000000,0.000000,0.000000,0.000000,0.000102
435,MySQL,javascript,javascript-mysql-app-filter-2,0.000026,0.000000,0.000000,0.000000,0.000000,0.000000,0.000118
436,MySQL,javascript,javascript-mysql-app-filter-2,0.000028,0.000000,0.000000,0.000000,0.000000,0.000000,0.000103
437,MySQL,javascript,javascript-mysql-app-filter-2,0.000025,0.000000,0.000000,0.000000,0.000000,0.000000,0.000100
438,MySQL,javascript,javascript-mysql-app-filter-2,0.000023,0.000000,0.000000,0.000000,0.000000,0.000000,0.000101
439,MySQL,javascript,javascript-mysql-app-filter-2,0.000025,0.000000,0.000000,0.000000,0.000000,0.000000,0.000099
440,MySQL,javascript,javascript-mysql-app-filter-2,0.000038,0.000000,0.000000,0.000000,0.000000,0.000000,0.000110
441,MySQL,javascript,javascript-mysql-data-sort-2,0.000050,0.000000,0.000000,0.000000,0.000000,0.000000,0.000128
442,MySQL,javascript,javascript-mysql-data-sort-2,0.000025,0.000000,0.000000,0.000000,0.000000,0.000000,0.000102
443,MySQL,javascript,javascript-mysql-data-sort-2,0.000026,0.000000,0.000000,0.000000,0.000000,0.000000,0.000207
444,MySQL,javascript,javascript-mysql-data-sort-2,0.000023,0.000000,0.000000,0.000000,0.000000,0.000000,0.000098
445,MySQL,javascript,javascript-mysql-data-sort-2,0.000024,0.000000,0.000000,0.000000,0.000000,0.000000,0.000099
446,MySQL,javascript,javascript-mysql-data-sort-2,0.000025,0.000000,0.000000,0.000000,0.000000,0.000000,0.000099
447,MySQL,javascript,javascript-mysql-data-sort-2,0.000027,0.000000,0.000000,0.000000,0.000000,0.000000,0.000104
448,MySQL,javascript,javascript-mysql-data-sort-2,0.000026,0.000000,0.000000,0.000000,0.000000,0.000000,0.000101
449,MySQL,javascript,javascript-mysql-data-sort-2,0.000028,0.000000,0.000000,0.000000,0.000000,0.000000,0.000108
450,MySQL,javascript,javascript-mysql-data-sort-2,0.000028,0.000000,0.000000,0.000000,0.000000,0.000000,0.000155
451,MySQL,javascript,javascript-mysql-app-sort-2,0.000032,0.000000,0.000000,0.000000,0.000000,0.000000,0.000110
452,MySQL,javascript,javascript-mysql-app-sort-2,0.000027,0.000000,0.000000,0.000000,0.000000,0.000000,0.000117
453,MySQL,javascript,javascript-mysql-app-sort-2,0.000027,0.000000,0.000000,0.000000,0.000000,0.000000,0.000106
454,MySQL,javascript,javascript-mysql-app-sort-2,0.000024,0.000000,0.000000,0.000000,0.000000,0.000000,0.000101
455,MySQL,javascript,javascript-mysql-app-sort-2,0.000028,0.000000,0.000000,0.000000,0.000000,0.000000,0.000116
456,MySQL,javascript,javascript-mysql-app-sort-2,0.000036,0.000000,0.000000,0.000000,0.000000,0.000000,0.000229
457,MySQL,javascript,javascript-mysql-app-sort-2,0.000026,0.000000,0.000000,0.000000,0.000000,0.000000,0.000106
458,MySQL,javascript,javascript-mysql-app-sort-2,0.000025,0.000000,0.000000,0.000000,0.000000,0.000000,0.000110
459,MySQL,javascript,javascript-mysql-app-sort-2,0.000029,0.000000,0.000000,0.000000,0.000000,0.000000,0.000112
460,MySQL,javascript,javascript-mysql-app-sort-2,0.000027,0.000000,0.000000,0.000000,0.000000,0.000000,0.000107
461,MySQL,javascript,javascript-mysql-data-procedure-2,0.000027,0.000000,0.000000,0.000000,0.000000,0.000000,0.000111
462,MySQL,javascript,javascript-mysql-data-procedure-2,0.000028,0.000000,0.000000,0.000000,0.000000,0.000000,0.000209
463,MySQL,javascript,javascript-mysql-data-procedure-2,0.000039,0.000000,0.000000,0.000000,0.000000,0.000000,0.000194
464,MySQL,javascript,javascript-mysql-data-procedure-2,0.000025,0.000000,0.000000,0.000000,0.000000,0.000000,0.000161
465,MySQL,javascript,javascript-mysql-data-procedure-2,0.000153,0.000000,0.000000,0.000000,0.000000,0.000000,0.000284
466,MySQL,javascript,javascript-mysql-data-procedure-2,0.000026,0.000000,0.000000,0.000000,0.000000,0.000000,0.000207
467,MySQL,javascript,javascript-mysql-data-procedure-2,0.000026,0.000000,0.000000,0.000000,0.000000,0.000000,0.000108
468,MySQL,javascript,javascript-mysql-data-procedure-2,0.000026,0.000000,0.000000,0.000000,0.000000,0.000000,0.000106
469,MySQL,javascript,javascript-mysql-data-procedure-2,0.000030,0.000000,0.000000,0.000000,0.000000,0.000000,0.000119
470,MySQL,javascript,javascript-mysql-data-procedure-2,0.000025,0.000000,0.000000,0.000000,0.000000,0.000000,0.000103
471,MySQL,javascript,javascript-mysql-app-procedure-2,0.000028,0.000000,0.000000,0.000000,0.000000,0.000000,0.000106
472,MySQL,javascript,javascript-mysql-app-procedure-2,0.000023,0.000000,0.000000,0.000000,0.000000,0.000000,0.000103
473,MySQL,javascript,javascript-mysql-app-procedure-2,0.000027,0.000000,0.000000,0.000000,0.000000,0.000000,0.000105
474,MySQL,javascript,javascript-mysql-app-procedure-2,0.000026,0.000000,0.000000,0.000000,0.000000,0.000000,0.003298
475,MySQL,javascript,javascript-mysql-app-procedure-2,0.000029,0.000000,0.000000,0.000000,0.000000,0.000000,0.000109
476,MySQL,javascript,javascript-mysql-app-procedure-2,0.000023,0.000000,0.000000,0.000000,0.000000,0.000000,0.000142
477,MySQL,javascript,javascript-mysql-app-procedure-2,0.000024,0.000000,0.000000,0.000000,0.000000,0.000000,0.000103
478,MySQL,javascript,javascript-mysql-app-procedure-2,0.000025,0.000000,0.000000,0.000000,0.000000,0.000000,0.000105
479,MySQL,javascript,javascript-mysql-app-procedure-2,0.000028,0.000000,0.000000,0.000000,0.000000,0.000000,0.000108
480,MySQL,javascript,javascript-mysql-app-procedure-2,0.000030,0.000000,0.000000,0.000000,0.000000,0.000000,0.000118
481,MySQL,javascript,javascript-mysql-data-adprocedure-2,0.000040,0.000000,0.000000,0.000000,0.000000,0.000000,0.000151
482,MySQL,javascript,javascript-mysql-data-adprocedure-2,0.000033,0.000000,0.000000,0.000000,0.000000,0.000000,0.000129
483,MySQL,javascript,javascript-mysql-data-adprocedure-2,0.000035,0.000000,0.000000,0.000000,0.000000,0.000000,0.000137
484,MySQL,javascript,javascript-mysql-data-adprocedure-2,0.000038,0.000000,0.000000,0.000000,0.000000,0.000000,0.000142
485,MySQL,javascript,javascript-mysql-data-adprocedure-2,0.000037,0.000000,0.000000,0.000000,0.000000,0.000000,0.000141
486,MySQL,javascript,javascript-mysql-data-adprocedure-2,0.000035,0.000000,0.000000,0.000000,0.000000,0.000000,0.000132
487,MySQL,javascript,javascript-mysql-data-adprocedure-2,0.000035,0.000000,0.000000,0.000000,0.000000,0.000000,0.000285
488,MySQL,javascript,javascript-mysql-data-adprocedure-2,0.000049,0.000000,0.000000,0.000000,0.000000,0.000000,0.000195
489,MySQL,javascript,javascript-mysql-data-adprocedure-2,0.000045,0.000000,0.000000,0.000000,0.000000,0.000000,0.000171
490,MySQL,javascript,javascript-mysql-data-adprocedure-2,0.000036,0.000000,0.000000,0.000000,0.000000,0.000000,0.000154
491,MySQL,javascript,javascript-mysql-app-adprocedure-2,0.000105,0.000000,0.000000,0.000000,0.000000,0.000000,0.000486
492,MySQL,javascript,javascript-mysql-app-adprocedure-2,0.000035,0.000000,0.000000,0.000000,0.000000,0.000000,0.000141
493,MySQL,javascript,javascript-mysql-app-adprocedure-2,0.000048,0.000000,0.000000,0.000000,0.000000,0.000000,0.000174
494,MySQL,javascript,javascript-mysql-app-adprocedure-2,0.000034,0.000000,0.000000,0.000000,0.000000,0.000000,0.000126
495,MySQL,javascript,javascript-mysql-app-adprocedure-2,0.000027,0.000000,0.000000,0.000000,0.000000,0.000000,0.000113
496,MySQL,javascript,javascript-mysql-app-adprocedure-2,0.000030,0.000000,0.000000,0.000000,0.000000,0.000000,0.000117
497,MySQL,javascript,javascript-mysql-app-adprocedure-2,0.000027,0.000000,0.000000,0.000000,0.000000,0.000000,0.000103
498,MySQL,javascript,javascript-mysql-app-adprocedure-2,0.000035,0.000000,0.000000,0.000000,0.000000,0.000000,0.000204
499,MySQL,javascript,javascript-mysql-app-adprocedure-2,0.000029,0.000000,0.000000,0.000000,0.000000,0.000000,0.000111
500,MySQL,javascript,javascript-mysql-app-adprocedure-2,0.000026,0.000000,0.000000,0.000000,0.000000,0.000000,0.000114
501,MySQL,javascript,javascript-mysql-data-aggre-3,0.000028,0.000000,0.000000,0.000000,0.000000,0.000000,0.000168
502,MySQL,javascript,javascript-mysql-data-aggre-3,0.000064,0.000000,0.000000,0.000000,0.000000,0.000000,0.000218
503,MySQL,javascript,javascript-mysql-data-aggre-3,0.000036,0.000000,0.000000,0.000000,0.000000,0.000000,0.000140
504,MySQL,javascript,javascript-mysql-data-aggre-3,0.000051,0.000000,0.000000,0.000000,0.000000,0.000000,0.000139
505,MySQL,javascript,javascript-mysql-data-aggre-3,0.000023,0.000000,0.000000,0.000000,0.000000,0.000000,0.000084
506,MySQL,javascript,javascript-mysql-data-aggre-3,0.000028,0.000000,0.000000,0.000000,0.000000,0.000000,0.000105
507,MySQL,javascript,javascript-mysql-data-aggre-3,0.000042,0.000000,0.000000,0.000000,0.000000,0.000000,0.000151
508,MySQL,javascript,javascript-mysql-data-aggre-3,0.000022,0.000000,0.000000,0.000000,0.000000,0.000000,0.000091
509,MySQL,javascript,javascript-mysql-data-aggre-3,0.000026,0.000000,0.000000,0.000000,0.000000,0.000000,0.000120
510,MySQL,javascript,javascript-mysql-data-aggre-3,0.000028,0.000000,0.000000,0.000000,0.000000,0.000000,0.000131
511,MySQL,javascript,javascript-mysql-app-aggre-3,0.000025,0.000000,0.000000,0.000000,0.000000,0.000000,0.000100
512,MySQL,javascript,javascript-mysql-app-aggre-3,0.000024,0.000000,0.000000,0.000000,0.000000,0.000000,0.000119
513,MySQL,javascript,javascript-mysql-app-aggre-3,0.000093,0.000000,0.000000,0.000000,0.000000,0.000000,0.000334
514,MySQL,javascript,javascript-mysql-app-aggre-3,0.000047,0.000000,0.000000,0.000000,0.000000,0.000000,0.000189
515,MySQL,javascript,javascript-mysql-app-aggre-3,0.000051,0.000000,0.000000,0.000000,0.000000,0.000000,0.000190
516,MySQL,javascript,javascript-mysql-app-aggre-3,0.000055,0.000000,0.000000,0.000000,0.000000,0.000000,0.000199
517,MySQL,javascript,javascript-mysql-app-aggre-3,0.000059,0.000000,0.000000,0.000000,0.000000,0.000000,0.000527
518,MySQL,javascript,javascript-mysql-app-aggre-3,0.000057,0.000000,0.000000,0.000000,0.000000,0.000000,0.000216
519,MySQL,javascript,javascript-mysql-app-aggre-3,0.000023,0.000000,0.000000,0.000000,0.000000,0.000000,0.000097
520,MySQL,javascript,javascript-mysql-app-aggre-3,0.000037,0.000000,0.000000,0.000000,0.000000,0.000000,0.000117
521,MySQL,javascript,javascript-mysql-data-filter-3,0.000050,0.000000,0.000000,0.000000,0.000000,0.000000,0.000188
522,MySQL,javascript,javascript-mysql-data-filter-3,0.000053,0.000000,0.000000,0.000000,0.000000,0.000000,0.000260
523,MySQL,javascript,javascript-mysql-data-filter-3,0.000056,0.000000,0.000000,0.000000,0.000000,0.000000,0.000215
524,MySQL,javascript,javascript-mysql-data-filter-3,0.000064,0.000000,0.000000,0.000000,0.000000,0.000000,0.000232
525,MySQL,javascript,javascript-mysql-data-filter-3,0.000103,0.000000,0.000000,0.000000,0.000000,0.000000,0.000241
526,MySQL,javascript,javascript-mysql-data-filter-3,0.000051,0.000000,0.000000,0.000000,0.000000,0.000000,0.000132
527,MySQL,javascript,javascript-mysql-data-filter-3,0.000071,0.000000,0.000000,0.000000,0.000000,0.000000,0.000239
528,MySQL,javascript,javascript-mysql-data-filter-3,0.000049,0.000000,0.000000,0.000000,0.000000,0.000000,0.000307
529,MySQL,javascript,javascript-mysql-data-filter-3,0.000064,0.000000,0.000000,0.000000,0.000000,0.000000,0.000209
530,MySQL,javascript,javascript-mysql-data-filter-3,0.000024,0.000000,0.000000,0.000000,0.000000,0.000000,0.000098
531,MySQL,javascript,javascript-mysql-app-filter-3,0.000028,0.000000,0.000000,0.000000,0.000000,0.000000,0.000101
532,MySQL,javascript,javascript-mysql-app-filter-3,0.000048,0.000000,0.000000,0.000000,0.000000,0.000000,0.000184
533,MySQL,javascript,javascript-mysql-app-filter-3,0.000051,0.000000,0.000000,0.000000,0.000000,0.000000,0.000193
534,MySQL,javascript,javascript-mysql-app-filter-3,0.000051,0.000000,0.000000,0.000000,0.000000,0.000000,0.000279
535,MySQL,javascript,javascript-mysql-app-filter-3,0.000025,0.000000,0.000000,0.000000,0.000000,0.000000,0.000096
536,MySQL,javascript,javascript-mysql-app-filter-3,0.000045,0.000000,0.000000,0.000000,0.000000,0.000000,0.000253
537,MySQL,javascript,javascript-mysql-app-filter-3,0.000050,0.000000,0.000000,0.000000,0.000000,0.000000,0.000193
538,MySQL,javascript,javascript-mysql-app-filter-3,0.000072,0.000000,0.000000,0.000000,0.000000,0.000000,0.000250
539,MySQL,javascript,javascript-mysql-app-filter-3,0.000106,0.000000,0.000000,0.000000,0.000000,0.000000,0.000272
540,MySQL,javascript,javascript-mysql-app-filter-3,0.000058,0.000000,0.000000,0.000000,0.000000,0.000000,0.000212
541,MySQL,javascript,javascript-mysql-data-sort-3,0.000054,0.000000,0.000000,0.000000,0.000000,0.000000,0.000182
542,MySQL,javascript,javascript-mysql-data-sort-3,0.000078,0.000000,0.000000,0.000000,0.000000,0.000000,0.000877
543,MySQL,javascript,javascript-mysql-data-sort-3,0.000054,0.000000,0.000000,0.000000,0.000000,0.000000,0.000225
544,MySQL,javascript,javascript-mysql-data-sort-3,0.000025,0.000000,0.000000,0.000000,0.000000,0.000000,0.000100
545,MySQL,javascript,javascript-mysql-data-sort-3,0.000038,0.000000,0.000000,0.000000,0.000000,0.000000,0.001574
546,MySQL,javascript,javascript-mysql-data-sort-3,0.000036,0.000000,0.000000,0.000000,0.000000,0.000000,0.000136
547,MySQL,javascript,javascript-mysql-data-sort-3,0.000063,0.000000,0.000000,0.000000,0.000000,0.000000,0.000297
548,MySQL,javascript,javascript-mysql-data-sort-3,0.000028,0.000000,0.000000,0.000000,0.000000,0.000000,0.000108
549,MySQL,javascript,javascript-mysql-data-sort-3,0.000025,0.000000,0.000000,0.000000,0.000000,0.000000,0.000102
550,MySQL,javascript,javascript-mysql-data-sort-3,0.000023,0.000000,0.000000,0.000000,0.000000,0.000000,0.000101
551,MySQL,javascript,javascript-mysql-app-sort-3,0.000027,0.000000,0.000000,0.000000,0.000000,0.000000,0.000104
552,MySQL,javascript,javascript-mysql-app-sort-3,0.000025,0.000000,0.000000,0.000000,0.000000,0.000000,0.000098
553,MySQL,javascript,javascript-mysql-app-sort-3,0.000025,0.000000,0.000000,0.000000,0.000000,0.000000,0.000100
554,MySQL,javascript,javascript-mysql-app-sort-3,0.000023,0.000000,0.000000,0.000000,0.000000,0.000000,0.000099
555,MySQL,javascript,javascript-mysql-app-sort-3,0.000027,0.000000,0.000000,0.000000,0.000000,0.000000,0.000102
556,MySQL,javascript,javascript-mysql-app-sort-3,0.000025,0.000000,0.000000,0.000000,0.000000,0.000000,0.000096
557,MySQL,javascript,javascript-mysql-app-sort-3,0.000024,0.000000,0.000000,0.000000,0.000000,0.000000,0.000209
558,MySQL,javascript,javascript-mysql-app-sort-3,0.000023,0.000000,0.000000,0.000000,0.000000,0.000000,0.000096
559,MySQL,javascript,javascript-mysql-app-sort-3,0.000025,0.000000,0.000000,0.000000,0.000000,0.000000,0.000101
560,MySQL,javascript,javascript-mysql-app-sort-3,0.000045,0.000000,0.000000,0.000000,0.000000,0.000000,0.000283
561,MySQL,javascript,javascript-mysql-data-procedure-3,0.000051,0.000000,0.000000,0.000000,0.000000,0.000000,0.000203
562,MySQL,javascript,javascript-mysql-data-procedure-3,0.000049,0.000000,0.000000,0.000000,0.000000,0.000000,0.000191
563,MySQL,javascript,javascript-mysql-data-procedure-3,0.000022,0.000000,0.000000,0.000000,0.000000,0.000000,0.000095
564,MySQL,javascript,javascript-mysql-data-procedure-3,0.000026,0.000000,0.000000,0.000000,0.000000,0.000000,0.000099
565,MySQL,javascript,javascript-mysql-data-procedure-3,0.000040,0.000000,0.000000,0.000000,0.000000,0.000000,0.000160
566,MySQL,javascript,javascript-mysql-data-procedure-3,0.000037,0.000000,0.000000,0.000000,0.000000,0.000000,0.000148
567,MySQL,javascript,javascript-mysql-data-procedure-3,0.000024,0.000000,0.000000,0.000000,0.000000,0.000000,0.000102
568,MySQL,javascript,javascript-mysql-data-procedure-3,0.000049,0.000000,0.000000,0.000000,0.000000,0.000000,0.000186
569,MySQL,javascript,javascript-mysql-data-procedure-3,0.000040,0.000000,0.000000,0.000000,0.000000,0.000000,0.000161
570,MySQL,javascript,javascript-mysql-data-procedure-3,0.000049,0.000000,0.000000,0.000000,0.000000,0.000000,0.000195
571,MySQL,javascript,javascript-mysql-app-procedure-3,0.000054,0.000000,0.000000,0.000000,0.000000,0.000000,0.000200
572,MySQL,javascript,javascript-mysql-app-procedure-3,0.000053,0.000000,0.000000,0.000000,0.000000,0.000000,0.000214
573,MySQL,javascript,javascript-mysql-app-procedure-3,0.000054,0.000000,0.000000,0.000000,0.000000,0.000000,0.000214
574,MySQL,javascript,javascript-mysql-app-procedure-3,0.000058,0.000000,0.000000,0.000000,0.000000,0.000000,0.000240
575,MySQL,javascript,javascript-mysql-app-procedure-3,0.000055,0.000000,0.000000,0.000000,0.000000,0.000000,0.000225
576,MySQL,javascript,javascript-mysql-app-procedure-3,0.000049,0.000000,0.000000,0.000000,0.000000,0.000000,0.000199
577,MySQL,javascript,javascript-mysql-app-procedure-3,0.000056,0.000000,0.000000,0.000000,0.000000,0.000000,0.000193
578,MySQL,javascript,javascript-mysql-app-procedure-3,0.000055,0.000000,0.000000,0.000000,0.000000,0.000000,0.000194
579,MySQL,javascript,javascript-mysql-app-procedure-3,0.000034,0.000000,0.000000,0.000000,0.000000,0.000000,0.000136
580,MySQL,javascript,javascript-mysql-app-procedure-3,0.000054,0.000000,0.000000,0.000000,0.000000,0.000000,0.000209
581,MySQL,javascript,javascript-mysql-data-adprocedure-3,0.000055,0.000000,0.000000,0.000000,0.000000,0.000000,0.000205
582,MySQL,javascript,javascript-mysql-data-adprocedure-3,0.000053,0.000000,0.000000,0.000000,0.000000,0.000000,0.000189
583,MySQL,javascript,javascript-mysql-data-adprocedure-3,0.000049,0.000000,0.000000,0.000000,0.000000,0.000000,0.000189
584,MySQL,javascript,javascript-mysql-data-adprocedure-3,0.000054,0.000000,0.000000,0.000000,0.000000,0.000000,0.000190
585,MySQL,javascript,javascript-mysql-data-adprocedure-3,0.000058,0.000000,0.000000,0.000000,0.000000,0.000000,0.000253
586,MySQL,javascript,javascript-mysql-data-adprocedure-3,0.000048,0.000000,0.000000,0.000000,0.000000,0.000000,0.000197
587,MySQL,javascript,javascript-mysql-data-adprocedure-3,0.000053,0.000000,0.000000,0.000000,0.000000,0.000000,0.000270
588,MySQL,javascript,javascript-mysql-data-adprocedure-3,0.000044,0.000000,0.000000,0.000000,0.000000,0.000000,0.000182
589,MySQL,javascript,javascript-mysql-data-adprocedure-3,0.000052,0.000000,0.000000,0.000000,0.000000,0.000000,0.000340
590,MySQL,javascript,javascript-mysql-data-adprocedure-3,0.000046,0.000000,0.000000,0.000000,0.000000,0.000000,0.000172
591,MySQL,javascript,javascript-mysql-app-adprocedure-3,0.000043,0.000000,0.000000,0.000000,0.000000,0.000000,0.000171
592,MySQL,javascript,javascript-mysql-app-adprocedure-3,0.000045,0.000000,0.000000,0.000000,0.000000,0.000000,0.000187
593,MySQL,javascript,javascript-mysql-app-adprocedure-3,0.000034,0.000000,0.000000,0.000000,0.000000,0.000000,0.000131
594,MySQL,javascript,javascript-mysql-app-adprocedure-3,0.000044,0.000000,0.000000,0.000000,0.000000,0.000000,0.000171
595,MySQL,javascript,javascript-mysql-app-adprocedure-3,0.000048,0.000000,0.000000,0.000000,0.000000,0.000000,0.000186
596,MySQL,javascript,javascript-mysql-app-adprocedure-3,0.000068,0.000000,0.000000,0.000000,0.000000,0.000000,0.000181
597,MySQL,javascript,javascript-mysql-app-adprocedure-3,0.000067,0.000000,0.000000,0.000000,0.000000,0.000000,0.000331
598,MySQL,javascript,javascript-mysql-app-adprocedure-3,0.000048,0.000000,0.000000,0.000000,0.000000,0.000000,0.000188
599,MySQL,javascript,javascript-mysql-app-adprocedure-3,0.000040,0.000000,0.000000,0.000000,0.000000,0.000000,0.000148
600,MySQL,javascript,javascript-mysql-app-adprocedure-3,0.000035,0.000000,0.000000,0.000000,0.000000,0.000000,0.000143
601,MySQL,php,php-mysql-data-aggre-1,0.000242,0.002204,0.000000,0.003127,0.000000,0.122012,0.122132
602,MySQL,php,php-mysql-data-aggre-1,0.000031,0.000598,0.000000,0.000626,0.000000,0.054694,0.054748
603,MySQL,php,php-mysql-data-aggre-1,0.000026,0.000209,0.000000,0.000233,0.000000,0.049892,0.049972
604,MySQL,php,php-mysql-data-aggre-1,0.000032,0.000276,0.000000,0.000300,0.000000,0.049966,0.050030
605,MySQL,php,php-mysql-data-aggre-1,0.000031,0.000152,0.000000,0.000181,0.000000,0.056199,0.056246
606,MySQL,php,php-mysql-data-aggre-1,0.000028,0.000226,0.000000,0.000256,0.000000,0.045603,0.045649
607,MySQL,php,php-mysql-data-aggre-1,0.000032,0.001935,0.000000,0.001970,0.000000,0.049219,0.049265
608,MySQL,php,php-mysql-data-aggre-1,0.000026,0.000755,0.000000,0.000790,0.000000,0.046538,0.046583
609,MySQL,php,php-mysql-data-aggre-1,0.000029,0.000534,0.000000,0.000575,0.000000,0.047038,0.047084
610,MySQL,php,php-mysql-data-aggre-1,0.000033,0.000729,0.000000,0.000757,0.000000,0.046433,0.046478
611,MySQL,php,php-mysql-app-aggre-1,0.000028,0.000138,0.000000,0.000160,0.000000,13.844237,13.844288
612,MySQL,php,php-mysql-app-aggre-1,0.000024,0.000714,0.000000,0.000739,0.000000,12.717798,12.717844
613,MySQL,php,php-mysql-app-aggre-1,0.000023,0.000432,0.000000,0.000464,0.000000,13.068587,13.068625
614,MySQL,php,php-mysql-app-aggre-1,0.000025,0.001656,0.000000,0.001686,0.000000,12.352866,12.352907
615,MySQL,php,php-mysql-app-aggre-1,0.000042,0.000262,0.000000,0.000299,0.000000,12.391579,12.391658
616,MySQL,php,php-mysql-app-aggre-1,0.000031,0.000767,0.000000,0.000800,0.000000,12.489265,12.489700
617,MySQL,php,php-mysql-app-aggre-1,0.000052,0.000955,0.000000,0.001012,0.000000,12.182657,12.182715
618,MySQL,php,php-mysql-app-aggre-1,0.000023,0.000500,0.000000,0.000523,0.000000,12.297901,12.297942
619,MySQL,php,php-mysql-app-aggre-1,0.000025,0.000625,0.000000,0.000656,0.000000,12.544668,12.544711
620,MySQL,php,php-mysql-app-aggre-1,0.000045,0.000419,0.000000,0.000458,0.000000,12.448460,12.448497
621,MySQL,php,php-mysql-data-filter-1,0.000027,0.000653,0.000000,0.000712,0.000000,0.018926,0.018982
622,MySQL,php,php-mysql-data-filter-1,0.000030,0.000435,0.000000,0.000484,0.000000,0.013632,0.013675
623,MySQL,php,php-mysql-data-filter-1,0.000023,0.000123,0.000000,0.000143,0.000000,0.013422,0.013487
624,MySQL,php,php-mysql-data-filter-1,0.000025,0.000116,0.000000,0.000137,0.000000,0.014424,0.014478
625,MySQL,php,php-mysql-data-filter-1,0.000025,0.000475,0.000000,0.000516,0.000000,0.007898,0.007961
626,MySQL,php,php-mysql-data-filter-1,0.000023,0.000189,0.000000,0.000211,0.000000,0.012091,0.012144
627,MySQL,php,php-mysql-data-filter-1,0.000026,0.000115,0.000000,0.000137,0.000000,0.009044,0.009082
628,MySQL,php,php-mysql-data-filter-1,0.000026,0.000369,0.000000,0.000418,0.000000,0.009631,0.009684
629,MySQL,php,php-mysql-data-filter-1,0.000031,0.000146,0.000000,0.000175,0.000000,0.008387,0.008423
630,MySQL,php,php-mysql-data-filter-1,0.000025,0.000213,0.000000,0.000237,0.000000,0.008554,0.008606
631,MySQL,php,php-mysql-app-filter-1,0.000048,0.000197,0.000000,0.000232,0.000000,0.030658,0.030700
632,MySQL,php,php-mysql-app-filter-1,0.000025,0.000551,0.000000,0.000592,0.000000,0.015596,0.015633
633,MySQL,php,php-mysql-app-filter-1,0.000025,0.000608,0.000000,0.000643,0.000000,0.017288,0.017339
634,MySQL,php,php-mysql-app-filter-1,0.000051,0.001870,0.000000,0.001907,0.000000,0.018330,0.018367
635,MySQL,php,php-mysql-app-filter-1,0.000049,0.000231,0.000000,0.000275,0.000000,0.018232,0.018269
636,MySQL,php,php-mysql-app-filter-1,0.000047,0.001512,0.000000,0.001545,0.000000,0.020965,0.021028
637,MySQL,php,php-mysql-app-filter-1,0.000026,0.000175,0.000000,0.000200,0.000000,0.015890,0.015928
638,MySQL,php,php-mysql-app-filter-1,0.000025,0.000249,0.000000,0.000299,0.000000,0.013480,0.013566
639,MySQL,php,php-mysql-app-filter-1,0.000023,0.000111,0.000000,0.000131,0.000000,0.017897,0.017935
640,MySQL,php,php-mysql-app-filter-1,0.000026,0.000133,0.000000,0.000156,0.000000,0.016041,0.016094
641,MySQL,php,php-mysql-data-sort-1,0.000024,0.000200,0.000000,0.000223,0.000000,0.040854,0.040891
642,MySQL,php,php-mysql-data-sort-1,0.000027,0.000391,0.000000,0.000417,0.000000,0.032043,0.032082
643,MySQL,php,php-mysql-data-sort-1,0.000067,0.000339,0.000000,0.000393,0.000000,0.031743,0.031808
644,MySQL,php,php-mysql-data-sort-1,0.000035,0.000198,0.000000,0.000243,0.000000,0.027525,0.027562
645,MySQL,php,php-mysql-data-sort-1,0.000026,0.000684,0.000000,0.000724,0.000000,0.025620,0.025675
646,MySQL,php,php-mysql-data-sort-1,0.000025,0.001217,0.000000,0.001250,0.000000,0.028312,0.028396
647,MySQL,php,php-mysql-data-sort-1,0.000026,0.001156,0.000000,0.001191,0.000000,0.025325,0.025360
648,MySQL,php,php-mysql-data-sort-1,0.000035,0.000134,0.000000,0.000157,0.000000,0.034305,0.034356
649,MySQL,php,php-mysql-data-sort-1,0.000029,0.000168,0.000000,0.000190,0.000000,0.023461,0.023509
650,MySQL,php,php-mysql-data-sort-1,0.000025,0.000129,0.000000,0.000151,0.000000,0.025425,0.025467
651,MySQL,php,php-mysql-app-sort-1,0.000026,0.000195,0.000000,0.000217,0.000000,0.044095,0.044135
652,MySQL,php,php-mysql-app-sort-1,0.000026,0.000137,0.000000,0.000162,0.000000,0.043921,0.043960
653,MySQL,php,php-mysql-app-sort-1,0.000027,0.000160,0.000000,0.000182,0.000000,0.040320,0.040357
654,MySQL,php,php-mysql-app-sort-1,0.000030,0.000268,0.000000,0.000298,0.000000,0.042174,0.042212
655,MySQL,php,php-mysql-app-sort-1,0.000027,0.000194,0.000000,0.000216,0.000000,0.037550,0.037586
656,MySQL,php,php-mysql-app-sort-1,0.000029,0.000241,0.000000,0.000270,0.000000,0.043821,0.043882
657,MySQL,php,php-mysql-app-sort-1,0.000026,0.000148,0.000000,0.000170,0.000000,0.038050,0.038126
658,MySQL,php,php-mysql-app-sort-1,0.000056,0.000271,0.000000,0.000312,0.000000,0.052306,0.052371
659,MySQL,php,php-mysql-app-sort-1,0.000052,0.000310,0.000000,0.000354,0.000000,0.041386,0.041434
660,MySQL,php,php-mysql-app-sort-1,0.000027,0.000132,0.000000,0.000150,0.000000,0.042830,0.042865
661,MySQL,php,php-mysql-data-procedure-1,0.000027,0.000180,0.000000,0.000204,0.000000,0.071911,0.071950
662,MySQL,php,php-mysql-data-procedure-1,0.000030,0.001066,0.000000,0.001105,0.000000,0.095048,0.095101
663,MySQL,php,php-mysql-data-procedure-1,0.000026,0.000218,0.000000,0.000246,0.000000,0.106083,0.106119
664,MySQL,php,php-mysql-data-procedure-1,0.000115,0.000357,0.000000,0.000406,0.000000,0.093082,0.093147
665,MySQL,php,php-mysql-data-procedure-1,0.000024,0.000217,0.000000,0.000259,0.000000,0.079899,0.079944
666,MySQL,php,php-mysql-data-procedure-1,0.000026,0.000121,0.000000,0.000143,0.000000,0.069492,0.069536
667,MySQL,php,php-mysql-data-procedure-1,0.000025,0.000125,0.000000,0.000149,0.000000,0.062515,0.062551
668,MySQL,php,php-mysql-data-procedure-1,0.000024,0.000126,0.000000,0.000145,0.000000,0.064908,0.064976
669,MySQL,php,php-mysql-data-procedure-1,0.000028,0.000130,0.000000,0.000154,0.000000,0.060159,0.060198
670,MySQL,php,php-mysql-data-procedure-1,0.000024,0.000227,0.000000,0.000256,0.000000,0.059483,0.059522
671,MySQL,php,php-mysql-app-procedure-1,0.000025,0.000119,0.000000,0.000140,0.000000,0.013339,0.013377
672,MySQL,php,php-mysql-app-procedure-1,0.000025,0.000234,0.000000,0.000258,0.000000,0.013896,0.013935
673,MySQL,php,php-mysql-app-procedure-1,0.000029,0.000115,0.000000,0.000136,0.000000,0.013152,0.013202
674,MySQL,php,php-mysql-app-procedure-1,0.000024,0.001384,0.000000,0.001420,0.000000,0.014348,0.014382
675,MySQL,php,php-mysql-app-procedure-1,0.000023,0.000118,0.000000,0.000137,0.000000,0.014616,0.014657
676,MySQL,php,php-mysql-app-procedure-1,0.000024,0.001404,0.000000,0.001446,0.000000,0.014820,0.014856
677,MySQL,php,php-mysql-app-procedure-1,0.000028,0.000128,0.000000,0.000148,0.000000,0.014875,0.014918
678,MySQL,php,php-mysql-app-procedure-1,0.000025,0.000112,0.000000,0.000132,0.000000,0.014262,0.014301
679,MySQL,php,php-mysql-app-procedure-1,0.000024,0.000117,0.000000,0.000137,0.000000,0.013252,0.013290
680,MySQL,php,php-mysql-app-procedure-1,0.000037,0.000154,0.000000,0.000177,0.000000,0.013534,0.013575
681,MySQL,php,php-mysql-data-adprocedure-1,0.000022,0.000108,0.000000,0.000127,0.000000,0.020417,0.020478
682,MySQL,php,php-mysql-data-adprocedure-1,0.000026,0.000120,0.000000,0.000144,0.000000,0.012110,0.012172
683,MySQL,php,php-mysql-data-adprocedure-1,0.000025,0.000209,0.000000,0.000233,0.000000,0.010415,0.010453
684,MySQL,php,php-mysql-data-adprocedure-1,0.000025,0.000114,0.000000,0.000134,0.000000,0.010149,0.010183
685,MySQL,php,php-mysql-data-adprocedure-1,0.000026,0.000163,0.000000,0.000185,0.000000,0.014726,0.014762
686,MySQL,php,php-mysql-data-adprocedure-1,0.000028,0.000115,0.000000,0.000135,0.000000,0.014718,0.014754
687,MySQL,php,php-mysql-data-adprocedure-1,0.000022,0.000138,0.000000,0.000158,0.000000,0.011202,0.011241
688,MySQL,php,php-mysql-data-adprocedure-1,0.000025,0.000113,0.000000,0.000136,0.000000,0.018023,0.018061
689,MySQL,php,php-mysql-data-adprocedure-1,0.000023,0.000090,0.000000,0.000108,0.000000,0.012559,0.012610
690,MySQL,php,php-mysql-data-adprocedure-1,0.000021,0.000112,0.000000,0.000132,0.000000,0.011254,0.011299
691,MySQL,php,php-mysql-app-adprocedure-1,0.000022,0.000582,0.000000,0.000606,0.000000,0.012903,0.012936
692,MySQL,php,php-mysql-app-adprocedure-1,0.000025,0.000180,0.000000,0.000202,0.000000,0.010863,0.010907
693,MySQL,php,php-mysql-app-adprocedure-1,0.000025,0.000111,0.000000,0.000133,0.000000,0.008585,0.008620
694,MySQL,php,php-mysql-app-adprocedure-1,0.000023,0.000115,0.000000,0.000137,0.000000,0.009285,0.009324
695,MySQL,php,php-mysql-app-adprocedure-1,0.000023,0.000124,0.000000,0.000146,0.000000,0.008653,0.008687
696,MySQL,php,php-mysql-app-adprocedure-1,0.000025,0.000183,0.000000,0.000208,0.000000,0.008848,0.008943
697,MySQL,php,php-mysql-app-adprocedure-1,0.000027,0.000100,0.000000,0.000119,0.000000,0.008687,0.008720
698,MySQL,php,php-mysql-app-adprocedure-1,0.000024,0.000114,0.000000,0.000134,0.000000,0.009475,0.009509
699,MySQL,php,php-mysql-app-adprocedure-1,0.000021,0.000110,0.000000,0.000130,0.000000,0.009778,0.009845
700,MySQL,php,php-mysql-app-adprocedure-1,0.000050,0.000170,0.000000,0.000191,0.000000,0.010204,0.010308
701,MySQL,php,php-mysql-data-aggre-2,0.000069,0.002328,0.000000,0.002364,0.000000,0.311067,0.311105
702,MySQL,php,php-mysql-data-aggre-2,0.000024,0.000125,0.000000,0.000146,0.000000,0.270281,0.270317
703,MySQL,php,php-mysql-data-aggre-2,0.000024,0.000120,0.000000,0.000141,0.000000,0.240585,0.240629
704,MySQL,php,php-mysql-data-aggre-2,0.000024,0.000327,0.000000,0.000354,0.000000,0.233286,0.233322
705,MySQL,php,php-mysql-data-aggre-2,0.000024,0.000109,0.000000,0.000132,0.000000,0.218537,0.218573
706,MySQL,php,php-mysql-data-aggre-2,0.000027,0.000198,0.000000,0.000231,0.000000,0.220157,0.220192
707,MySQL,php,php-mysql-data-aggre-2,0.000028,0.000154,0.000000,0.000177,0.000000,0.219885,0.219924
708,MySQL,php,php-mysql-data-aggre-2,0.000034,0.000710,0.000000,0.000754,0.000000,0.246190,0.246226
709,MySQL,php,php-mysql-data-aggre-2,0.000022,0.000116,0.000000,0.000135,0.000000,0.216852,0.216893
710,MySQL,php,php-mysql-data-aggre-2,0.000023,0.001641,0.000000,0.001677,0.000000,0.212413,0.212453
711,MySQL,php,php-mysql-app-aggre-2,0.000024,0.000118,0.000000,0.000139,0.000000,30.029198,30.029256
712,MySQL,php,php-mysql-app-aggre-2,0.000026,0.000127,0.000000,0.000150,0.000000,30.046193,30.046251
713,MySQL,php,php-mysql-app-aggre-2,0.000025,0.000251,0.000000,0.000276,0.000000,30.056788,30.056899
714,MySQL,php,php-mysql-app-aggre-2,0.000037,0.000202,0.000000,0.000236,0.000000,30.056477,30.056664
715,MySQL,php,php-mysql-app-aggre-2,0.000031,0.000185,0.000000,0.000212,0.000000,30.068017,30.068074
716,MySQL,php,php-mysql-app-aggre-2,0.000030,0.001304,0.000000,0.001339,0.000000,30.067065,30.067118
717,MySQL,php,php-mysql-app-aggre-2,0.000022,0.000130,0.000000,0.000150,0.000000,30.069656,30.069713
718,MySQL,php,php-mysql-app-aggre-2,0.000025,0.000648,0.000000,0.000674,0.000000,30.077531,30.077640
719,MySQL,php,php-mysql-app-aggre-2,0.000029,0.000277,0.000000,0.000305,0.000000,30.070946,30.071031
720,MySQL,php,php-mysql-app-aggre-2,0.000035,0.000411,0.000000,0.000442,0.000000,30.114172,30.114226
721,MySQL,php,php-mysql-data-filter-2,0.000026,0.000601,0.000000,0.000630,0.000000,0.085036,0.085074
722,MySQL,php,php-mysql-data-filter-2,0.000023,0.000492,0.000000,0.000526,0.000000,0.023634,0.023675
723,MySQL,php,php-mysql-data-filter-2,0.000024,0.000121,0.000000,0.000141,0.000000,0.022474,0.022519
724,MySQL,php,php-mysql-data-filter-2,0.000023,0.000108,0.000000,0.000126,0.000000,0.037538,0.037596
725,MySQL,php,php-mysql-data-filter-2,0.000072,0.000429,0.000000,0.000500,0.000000,0.025745,0.025864
726,MySQL,php,php-mysql-data-filter-2,0.000024,0.000544,0.000000,0.000587,0.000000,0.025121,0.025162
727,MySQL,php,php-mysql-data-filter-2,0.000026,0.000126,0.000000,0.000147,0.000000,0.025167,0.025204
728,MySQL,php,php-mysql-data-filter-2,0.000025,0.000117,0.000000,0.000141,0.000000,0.023277,0.023313
729,MySQL,php,php-mysql-data-filter-2,0.000024,0.000324,0.000000,0.000346,0.000000,0.022646,0.022690
730,MySQL,php,php-mysql-data-filter-2,0.000023,0.000111,0.000000,0.000132,0.000000,0.021522,0.021582
731,MySQL,php,php-mysql-app-filter-2,0.000021,0.000116,0.000000,0.000136,0.000000,0.055111,0.055161
732,MySQL,php,php-mysql-app-filter-2,0.000022,0.000185,0.000000,0.000207,0.000000,0.060372,0.060407
733,MySQL,php,php-mysql-app-filter-2,0.000025,0.000155,0.000000,0.000177,0.000000,0.056949,0.056989
734,MySQL,php,php-mysql-app-filter-2,0.000021,0.002072,0.000000,0.002106,0.000000,0.053882,0.053919
735,MySQL,php,php-mysql-app-filter-2,0.000021,0.000155,0.000000,0.000175,0.000000,0.051426,0.051469
736,MySQL,php,php-mysql-app-filter-2,0.000023,0.000118,0.000000,0.000136,0.000000,0.056478,0.056513
737,MySQL,php,php-mysql-app-filter-2,0.000030,0.000786,0.000000,0.000810,0.000000,0.052590,0.052634
738,MySQL,php,php-mysql-app-filter-2,0.000022,0.000601,0.000000,0.000623,0.000000,0.052377,0.052415
739,MySQL,php,php-mysql-app-filter-2,0.000022,0.000111,0.000000,0.000130,0.000000,0.052676,0.052716
740,MySQL,php,php-mysql-app-filter-2,0.000025,0.000191,0.000000,0.000210,0.000000,0.051387,0.051422
741,MySQL,php,php-mysql-data-sort-2,0.000024,0.000287,0.000000,0.000328,0.000000,0.160729,0.160766
742,MySQL,php,php-mysql-data-sort-2,0.000028,0.000122,0.000000,0.000144,0.000000,0.128026,0.128063
743,MySQL,php,php-mysql-data-sort-2,0.000026,0.000484,0.000000,0.000516,0.000000,0.136108,0.136146
744,MySQL,php,php-mysql-data-sort-2,0.000022,0.001284,0.000000,0.001314,0.000000,0.106972,0.107012
745,MySQL,php,php-mysql-data-sort-2,0.000031,0.000601,0.000000,0.000633,0.000000,0.110949,0.110990
746,MySQL,php,php-mysql-data-sort-2,0.000026,0.000148,0.000000,0.000168,0.000000,0.112560,0.112602
747,MySQL,php,php-mysql-data-sort-2,0.000024,0.000145,0.000000,0.000168,0.000000,0.110598,0.110684
748,MySQL,php,php-mysql-data-sort-2,0.000025,0.000172,0.000000,0.000195,0.000000,0.104636,0.104674
749,MySQL,php,php-mysql-data-sort-2,0.000023,0.000169,0.000000,0.000192,0.000000,0.097582,0.097622
750,MySQL,php,php-mysql-data-sort-2,0.000026,0.000106,0.000000,0.000133,0.000000,0.100636,0.100677
751,MySQL,php,php-mysql-app-sort-2,0.000031,0.000312,0.000000,0.000342,0.000000,0.218401,0.218448
752,MySQL,php,php-mysql-app-sort-2,0.000024,0.000121,0.000000,0.000143,0.000000,0.256342,0.256387
753,MySQL,php,php-mysql-app-sort-2,0.000027,0.000672,0.000000,0.000721,0.000000,0.327119,0.327161
754,MySQL,php,php-mysql-app-sort-2,0.000027,0.000183,0.000000,0.000204,0.000000,0.253651,0.253688
755,MySQL,php,php-mysql-app-sort-2,0.000027,0.000318,0.000000,0.000351,0.000000,0.247395,0.247433
756,MySQL,php,php-mysql-app-sort-2,0.000040,0.000232,0.000000,0.000280,0.000000,0.216489,0.216525
757,MySQL,php,php-mysql-app-sort-2,0.000028,0.000131,0.000000,0.000151,0.000000,0.206022,0.206058
758,MySQL,php,php-mysql-app-sort-2,0.000024,0.000196,0.000000,0.000217,0.000000,0.214461,0.214503
759,MySQL,php,php-mysql-app-sort-2,0.000027,0.000188,0.000000,0.000213,0.000000,0.202200,0.202236
760,MySQL,php,php-mysql-app-sort-2,0.000023,0.000154,0.000000,0.000174,0.000000,0.207760,0.207807
761,MySQL,php,php-mysql-data-procedure-2,0.000032,0.000164,0.000000,0.000187,0.000000,0.333656,0.333692
762,MySQL,php,php-mysql-data-procedure-2,0.000024,0.000150,0.000000,0.000171,0.000000,0.244171,0.244215
763,MySQL,php,php-mysql-data-procedure-2,0.000022,0.000118,0.000000,0.000139,0.000000,0.245933,0.245978
764,MySQL,php,php-mysql-data-procedure-2,0.000027,0.000126,0.000000,0.000147,0.000000,0.272587,0.272627
765,MySQL,php,php-mysql-data-procedure-2,0.000029,0.000132,0.000000,0.000158,0.000000,0.288701,0.288745
766,MySQL,php,php-mysql-data-procedure-2,0.000044,0.000203,0.000000,0.000240,0.000000,0.318307,0.318348
767,MySQL,php,php-mysql-data-procedure-2,0.000027,0.001052,0.000000,0.001083,0.000000,0.257781,0.257827
768,MySQL,php,php-mysql-data-procedure-2,0.000024,0.000117,0.000000,0.000140,0.000000,0.267600,0.267647
769,MySQL,php,php-mysql-data-procedure-2,0.000030,0.000213,0.000000,0.000267,0.000000,0.262626,0.262672
770,MySQL,php,php-mysql-data-procedure-2,0.000037,0.000122,0.000000,0.000146,0.000000,0.253649,0.253702
771,MySQL,php,php-mysql-app-procedure-2,0.000026,0.000116,0.000000,0.000140,0.000000,0.054726,0.054762
772,MySQL,php,php-mysql-app-procedure-2,0.000026,0.000220,0.000000,0.000244,0.000000,0.053408,0.053462
773,MySQL,php,php-mysql-app-procedure-2,0.000022,0.000112,0.000000,0.000131,0.000000,0.053178,0.053214
774,MySQL,php,php-mysql-app-procedure-2,0.000030,0.000216,0.000000,0.000241,0.000000,0.053154,0.053189
775,MySQL,php,php-mysql-app-procedure-2,0.000025,0.000120,0.000000,0.000142,0.000000,0.056508,0.056546
776,MySQL,php,php-mysql-app-procedure-2,0.000024,0.001417,0.000000,0.001443,0.000000,0.061423,0.061479
777,MySQL,php,php-mysql-app-procedure-2,0.000025,0.000129,0.000000,0.000148,0.000000,0.067776,0.067815
778,MySQL,php,php-mysql-app-procedure-2,0.000028,0.000218,0.000000,0.000260,0.000000,0.070435,0.070473
779,MySQL,php,php-mysql-app-procedure-2,0.000034,0.000156,0.000000,0.000182,0.000000,0.057084,0.057123
780,MySQL,php,php-mysql-app-procedure-2,0.000023,0.000157,0.000000,0.000179,0.000000,0.055789,0.055838
781,MySQL,php,php-mysql-data-adprocedure-2,0.000047,0.000477,0.000000,0.000508,0.000000,0.029113,0.029166
782,MySQL,php,php-mysql-data-adprocedure-2,0.000024,0.000435,0.000000,0.000469,0.000000,0.018035,0.018071
783,MySQL,php,php-mysql-data-adprocedure-2,0.000028,0.000320,0.000000,0.000366,0.000000,0.025989,0.026326
784,MySQL,php,php-mysql-data-adprocedure-2,0.000052,0.000278,0.000000,0.000324,0.000000,0.036310,0.036397
785,MySQL,php,php-mysql-data-adprocedure-2,0.000046,0.000201,0.000000,0.000231,0.000000,0.015370,0.015421
786,MySQL,php,php-mysql-data-adprocedure-2,0.000061,0.000182,0.000000,0.000204,0.000000,0.016671,0.016717
787,MySQL,php,php-mysql-data-adprocedure-2,0.000037,0.000168,0.000000,0.000196,0.000000,0.019192,0.019229
788,MySQL,php,php-mysql-data-adprocedure-2,0.000034,0.000227,0.000000,0.000265,0.000000,0.014587,0.014630
789,MySQL,php,php-mysql-data-adprocedure-2,0.000028,0.000192,0.000000,0.000219,0.000000,0.022682,0.022775
790,MySQL,php,php-mysql-data-adprocedure-2,0.000035,0.000170,0.000000,0.000201,0.000000,0.019892,0.019929
791,MySQL,php,php-mysql-app-adprocedure-2,0.000029,0.000149,0.000000,0.000175,0.000000,0.035532,0.035569
792,MySQL,php,php-mysql-app-adprocedure-2,0.000062,0.000281,0.000000,0.000342,0.000000,0.024243,0.024283
793,MySQL,php,php-mysql-app-adprocedure-2,0.000023,0.000168,0.000000,0.000189,0.000000,0.019550,0.019587
794,MySQL,php,php-mysql-app-adprocedure-2,0.000065,0.000238,0.000000,0.000281,0.000000,0.024398,0.024448
795,MySQL,php,php-mysql-app-adprocedure-2,0.000026,0.000202,0.000000,0.000227,0.000000,0.010377,0.010414
796,MySQL,php,php-mysql-app-adprocedure-2,0.000051,0.000235,0.000000,0.000285,0.000000,0.012110,0.012147
797,MySQL,php,php-mysql-app-adprocedure-2,0.000030,0.000151,0.000000,0.000188,0.000000,0.016132,0.016175
798,MySQL,php,php-mysql-app-adprocedure-2,0.000052,0.000272,0.000000,0.000314,0.000000,0.028331,0.028379
799,MySQL,php,php-mysql-app-adprocedure-2,0.000033,0.000206,0.000000,0.000229,0.000000,0.014679,0.014745
800,MySQL,php,php-mysql-app-adprocedure-2,0.000045,0.000183,0.000000,0.000210,0.000000,0.014956,0.015077
801,MySQL,php,php-mysql-data-aggre-3,0.000036,0.000189,0.000000,0.000216,0.000000,0.592378,0.592424
802,MySQL,php,php-mysql-data-aggre-3,0.000048,0.000218,0.000000,0.000242,0.000000,0.503456,0.503508
803,MySQL,php,php-mysql-data-aggre-3,0.000026,0.000131,0.000000,0.000155,0.000000,0.608600,0.608670
804,MySQL,php,php-mysql-data-aggre-3,0.000032,0.000207,0.000000,0.000232,0.000000,0.548892,0.548973
805,MySQL,php,php-mysql-data-aggre-3,0.000041,0.000342,0.000000,0.000373,0.000000,0.502627,0.502667
806,MySQL,php,php-mysql-data-aggre-3,0.000024,0.016348,0.000000,0.016397,0.000000,0.532201,0.532256
807,MySQL,php,php-mysql-data-aggre-3,0.000030,0.001768,0.000000,0.001809,0.000000,0.602865,0.602940
808,MySQL,php,php-mysql-data-aggre-3,0.000055,0.000308,0.000000,0.000359,0.000000,0.647176,0.647253
809,MySQL,php,php-mysql-data-aggre-3,0.000055,0.000291,0.000000,0.000339,0.000000,0.539521,0.539563
810,MySQL,php,php-mysql-data-aggre-3,0.000026,0.000121,0.000000,0.000143,0.000000,0.458577,0.458627
811,MySQL,php,php-mysql-app-aggre-3,0.000024,0.000116,0.000000,0.000135,0.000000,30.088766,30.088836
812,MySQL,php,php-mysql-app-aggre-3,0.000027,0.000606,0.000000,0.000952,0.000000,30.076149,30.076205
813,MySQL,php,php-mysql-app-aggre-3,0.000043,0.000601,0.000000,0.000635,0.000000,30.119221,30.119268
814,MySQL,php,php-mysql-app-aggre-3,0.000023,0.002571,0.000000,0.002612,0.000000,30.109918,30.109969
815,MySQL,php,php-mysql-app-aggre-3,0.000029,0.000155,0.000000,0.000175,0.000000,30.095964,30.096010
816,MySQL,php,php-mysql-app-aggre-3,0.000025,0.001790,0.000000,0.001885,0.000000,30.119057,30.119104
817,MySQL,php,php-mysql-app-aggre-3,0.000032,0.000267,0.000000,0.000295,0.000000,30.152557,30.152612
818,MySQL,php,php-mysql-app-aggre-3,0.000027,0.000199,0.000000,0.000223,0.000000,30.119361,30.119411
819,MySQL,php,php-mysql-app-aggre-3,0.000025,0.000481,0.000000,0.000505,0.000000,30.080942,30.081005
820,MySQL,php,php-mysql-app-aggre-3,0.000023,0.002892,0.000000,0.002919,0.000000,30.090091,30.090153
821,MySQL,php,php-mysql-data-filter-3,0.000036,0.000273,0.000000,0.000302,0.000000,0.060297,0.060352
822,MySQL,php,php-mysql-data-filter-3,0.000023,0.002853,0.000000,0.002888,0.000000,0.048091,0.048151
823,MySQL,php,php-mysql-data-filter-3,0.000027,0.000195,0.000000,0.000215,0.000000,0.049612,0.049649
824,MySQL,php,php-mysql-data-filter-3,0.000025,0.000116,0.000000,0.000135,0.000000,0.041950,0.041993
825,MySQL,php,php-mysql-data-filter-3,0.000023,0.000136,0.000000,0.000157,0.000000,0.040799,0.040840
826,MySQL,php,php-mysql-data-filter-3,0.000024,0.000125,0.000000,0.000161,0.000000,0.037235,0.037271
827,MySQL,php,php-mysql-data-filter-3,0.000024,0.000169,0.000000,0.000189,0.000000,0.035584,0.035643
828,MySQL,php,php-mysql-data-filter-3,0.000026,0.000123,0.000000,0.000147,0.000000,0.037848,0.037882
829,MySQL,php,php-mysql-data-filter-3,0.000024,0.000169,0.000000,0.000189,0.000000,0.035924,0.035962
830,MySQL,php,php-mysql-data-filter-3,0.000024,0.000117,0.000000,0.000138,0.000000,0.038682,0.038729
831,MySQL,php,php-mysql-app-filter-3,0.000028,0.000311,0.000000,0.000337,0.000000,0.112604,0.112644
832,MySQL,php,php-mysql-app-filter-3,0.000026,0.000187,0.000000,0.000297,0.000000,0.105866,0.105935
833,MySQL,php,php-mysql-app-filter-3,0.000027,0.000169,0.000000,0.000196,0.000000,0.114592,0.114631
834,MySQL,php,php-mysql-app-filter-3,0.000023,0.000118,0.000000,0.000137,0.000000,0.100819,0.100854
835,MySQL,php,php-mysql-app-filter-3,0.000022,0.000167,0.000000,0.000187,0.000000,0.102172,0.102218
836,MySQL,php,php-mysql-app-filter-3,0.000030,0.000173,0.000000,0.000196,0.000000,0.106727,0.106765
837,MySQL,php,php-mysql-app-filter-3,0.000025,0.000127,0.000000,0.000159,0.000000,0.101101,0.101137
838,MySQL,php,php-mysql-app-filter-3,0.000028,0.000691,0.000000,0.000765,0.000000,0.100513,0.100554
839,MySQL,php,php-mysql-app-filter-3,0.000025,0.000144,0.000000,0.000178,0.000000,0.115105,0.115165
840,MySQL,php,php-mysql-app-filter-3,0.000036,0.000203,0.000000,0.000237,0.000000,0.177608,0.177645
841,MySQL,php,php-mysql-data-sort-3,0.000063,0.000272,0.000000,0.000314,0.000000,0.329006,0.329058
842,MySQL,php,php-mysql-data-sort-3,0.000030,0.000199,0.000000,0.000224,0.000000,0.269012,0.269055
843,MySQL,php,php-mysql-data-sort-3,0.000026,0.000172,0.000000,0.000200,0.000000,0.231481,0.231532
844,MySQL,php,php-mysql-data-sort-3,0.000030,0.000147,0.000000,0.000170,0.000000,0.381702,0.381750
845,MySQL,php,php-mysql-data-sort-3,0.000027,0.000179,0.000000,0.000208,0.000000,0.677485,0.677542
846,MySQL,php,php-mysql-data-sort-3,0.000026,0.000122,0.000000,0.000147,0.000000,0.583234,0.583295
847,MySQL,php,php-mysql-data-sort-3,0.000042,0.000223,0.000000,0.000262,0.000000,0.284571,0.284613
848,MySQL,php,php-mysql-data-sort-3,0.000031,0.000150,0.000000,0.000173,0.000000,0.397789,0.397827
849,MySQL,php,php-mysql-data-sort-3,0.000028,0.000195,0.000000,0.000216,0.000000,0.259770,0.259808
850,MySQL,php,php-mysql-data-sort-3,0.000023,0.000121,0.000000,0.000142,0.000000,0.323634,0.323669
851,MySQL,php,php-mysql-app-sort-3,0.000027,0.000167,0.000000,0.000188,0.000000,0.696847,0.696992
852,MySQL,php,php-mysql-app-sort-3,0.000024,0.000409,0.000000,0.000443,0.000000,0.716507,0.716562
853,MySQL,php,php-mysql-app-sort-3,0.000050,0.000192,0.000000,0.001134,0.000000,0.543744,0.543793
854,MySQL,php,php-mysql-app-sort-3,0.000026,0.000125,0.000000,0.000146,0.000000,0.818184,0.818222
855,MySQL,php,php-mysql-app-sort-3,0.000029,0.000145,0.000000,0.000172,0.000000,0.703906,0.703946
856,MySQL,php,php-mysql-app-sort-3,0.000026,0.000191,0.000000,0.000215,0.000000,0.584413,0.584478
857,MySQL,php,php-mysql-app-sort-3,0.000025,0.000123,0.000000,0.000144,0.000000,0.566949,0.566998
858,MySQL,php,php-mysql-app-sort-3,0.000039,0.000165,0.000000,0.000187,0.000000,0.687699,0.687749
859,MySQL,php,php-mysql-app-sort-3,0.000025,0.000119,0.000000,0.000144,0.000000,0.579774,0.579815
860,MySQL,php,php-mysql-app-sort-3,0.000024,0.000150,0.000000,0.000173,0.000000,0.517149,0.517190
861,MySQL,php,php-mysql-data-procedure-3,0.000029,0.002335,0.000000,0.002375,0.000000,0.768436,0.768474
862,MySQL,php,php-mysql-data-procedure-3,0.000062,0.000317,0.000000,0.000362,0.000000,0.686636,0.686707
863,MySQL,php,php-mysql-data-procedure-3,0.000028,0.000146,0.000000,0.000170,0.000000,0.639046,0.639088
864,MySQL,php,php-mysql-data-procedure-3,0.000024,0.000124,0.000000,0.000145,0.000000,0.551304,0.551345
865,MySQL,php,php-mysql-data-procedure-3,0.000028,0.000128,0.000000,0.000149,0.000000,0.669227,0.669289
866,MySQL,php,php-mysql-data-procedure-3,0.000031,0.000141,0.000000,0.000164,0.000000,0.609621,0.609660
867,MySQL,php,php-mysql-data-procedure-3,0.000031,0.000172,0.000000,0.000192,0.000000,0.525113,0.525179
868,MySQL,php,php-mysql-data-procedure-3,0.000026,0.000133,0.000000,0.000156,0.000000,0.669662,0.669724
869,MySQL,php,php-mysql-data-procedure-3,0.000042,0.000177,0.000000,0.000205,0.000000,0.548601,0.548660
870,MySQL,php,php-mysql-data-procedure-3,0.000049,0.000172,0.000000,0.000200,0.000000,0.521149,0.521187
871,MySQL,php,php-mysql-app-procedure-3,0.000028,0.000133,0.000000,0.000153,0.000000,0.105762,0.105811
872,MySQL,php,php-mysql-app-procedure-3,0.000023,0.000499,0.000000,0.000538,0.000000,0.101625,0.101674
873,MySQL,php,php-mysql-app-procedure-3,0.000026,0.000146,0.000000,0.000171,0.000000,0.117526,0.117562
874,MySQL,php,php-mysql-app-procedure-3,0.000026,0.000203,0.000000,0.000227,0.000000,0.167262,0.167308
875,MySQL,php,php-mysql-app-procedure-3,0.000026,0.000127,0.000000,0.000147,0.000000,0.121046,0.121083
876,MySQL,php,php-mysql-app-procedure-3,0.000025,0.000121,0.000000,0.000144,0.000000,0.106734,0.106768
877,MySQL,php,php-mysql-app-procedure-3,0.000027,0.000133,0.000000,0.000155,0.000000,0.124081,0.124166
878,MySQL,php,php-mysql-app-procedure-3,0.000031,0.000137,0.000000,0.000159,0.000000,0.130744,0.130780
879,MySQL,php,php-mysql-app-procedure-3,0.000024,0.000115,0.000000,0.000138,0.000000,0.150319,0.150355
880,MySQL,php,php-mysql-app-procedure-3,0.000025,0.000113,0.000000,0.000133,0.000000,0.102560,0.102600
881,MySQL,php,php-mysql-data-adprocedure-3,0.000027,0.000118,0.000000,0.000137,0.000000,0.048908,0.048972
882,MySQL,php,php-mysql-data-adprocedure-3,0.000046,0.000225,0.000000,0.000268,0.000000,0.025688,0.025761
883,MySQL,php,php-mysql-data-adprocedure-3,0.000027,0.000127,0.000000,0.000148,0.000000,0.024920,0.025000
884,MySQL,php,php-mysql-data-adprocedure-3,0.000025,0.000132,0.000000,0.000153,0.000000,0.020094,0.020132
885,MySQL,php,php-mysql-data-adprocedure-3,0.000024,0.000118,0.000000,0.000137,0.000000,0.013670,0.013713
886,MySQL,php,php-mysql-data-adprocedure-3,0.000032,0.000134,0.000000,0.000161,0.000000,0.023921,0.023975
887,MySQL,php,php-mysql-data-adprocedure-3,0.000036,0.000148,0.000000,0.000181,0.000000,0.016965,0.017030
888,MySQL,php,php-mysql-data-adprocedure-3,0.000033,0.000158,0.000000,0.000181,0.000000,0.043833,0.043903
889,MySQL,php,php-mysql-data-adprocedure-3,0.000026,0.000152,0.000000,0.000180,0.000000,0.015815,0.015860
890,MySQL,php,php-mysql-data-adprocedure-3,0.000025,0.000122,0.000000,0.000154,0.000000,0.014240,0.014275
891,MySQL,php,php-mysql-app-adprocedure-3,0.000047,0.000415,0.000000,0.000505,0.000000,0.017628,0.017672
892,MySQL,php,php-mysql-app-adprocedure-3,0.000025,0.000121,0.000000,0.000160,0.000000,0.012749,0.012829
893,MySQL,php,php-mysql-app-adprocedure-3,0.000022,0.000819,0.000000,0.000854,0.000000,0.011918,0.011953
894,MySQL,php,php-mysql-app-adprocedure-3,0.000029,0.000099,0.000000,0.000117,0.000000,0.012030,0.012083
895,MySQL,php,php-mysql-app-adprocedure-3,0.000035,0.000346,0.000000,0.000397,0.000000,0.017707,0.017771
896,MySQL,php,php-mysql-app-adprocedure-3,0.000022,0.000113,0.000000,0.000132,0.000000,0.011710,0.011748
897,MySQL,php,php-mysql-app-adprocedure-3,0.000032,0.000157,0.000000,0.000188,0.000000,0.015441,0.015509
898,MySQL,php,php-mysql-app-adprocedure-3,0.000025,0.001131,0.000000,0.001160,0.000000,0.014455,0.014521
899,MySQL,php,php-mysql-app-adprocedure-3,0.000047,0.001030,0.000000,0.001097,0.000000,0.017722,0.017942
900,MySQL,php,php-mysql-app-adprocedure-3,0.000027,0.000146,0.000000,0.000170,0.000000,0.017143,0.017184
